file,line,type,commit,author,date,time,timezone,datetime,depth,length
style.css,1,css,0771cc28,Kate Feng,2025-04-07,15:39:55,-07:00,2025-04-07T15:39:55-07:00,0,5
style.css,2,css,0771cc28,Kate Feng,2025-04-07,15:39:55,-07:00,2025-04-07T15:39:55-07:00,0,23
style.css,3,css,2408ed30,Kate Feng,2025-04-17,19:25:22,-07:00,2025-04-17T19:25:22-07:00,0,23
style.css,4,css,161892e6,Kate Feng,2025-04-04,12:29:17,-07:00,2025-04-04T12:29:17-07:00,0,0
style.css,5,css,161892e6,Kate Feng,2025-04-04,12:29:17,-07:00,2025-04-04T12:29:17-07:00,0,0
style.css,6,css,161892e6,Kate Feng,2025-04-04,12:29:17,-07:00,2025-04-04T12:29:17-07:00,0,5
style.css,7,css,161892e6,Kate Feng,2025-04-04,12:29:17,-07:00,2025-04-04T12:29:17-07:00,0,24
style.css,8,css,0771cc28,Kate Feng,2025-04-07,15:39:55,-07:00,2025-04-07T15:39:55-07:00,0,16
style.css,9,css,0771cc28,Kate Feng,2025-04-07,15:39:55,-07:00,2025-04-07T15:39:55-07:00,0,19
style.css,10,css,161892e6,Kate Feng,2025-04-04,12:29:17,-07:00,2025-04-04T12:29:17-07:00,0,22
style.css,11,css,25c9ff48,Kate Feng,2025-04-25,12:25:35,-07:00,2025-04-25T12:25:35-07:00,0,14
style.css,12,css,0771cc28,Kate Feng,2025-04-07,15:39:55,-07:00,2025-04-07T15:39:55-07:00,0,0
style.css,13,css,161892e6,Kate Feng,2025-04-04,12:29:17,-07:00,2025-04-04T12:29:17-07:00,0,0
style.css,14,css,0771cc28,Kate Feng,2025-04-07,15:39:55,-07:00,2025-04-07T15:39:55-07:00,0,3
style.css,15,css,161892e6,Kate Feng,2025-04-04,12:29:17,-07:00,2025-04-04T12:29:17-07:00,0,18
style.css,16,css,0771cc28,Kate Feng,2025-04-07,15:39:55,-07:00,2025-04-07T15:39:55-07:00,0,13
style.css,17,css,161892e6,Kate Feng,2025-04-04,12:29:17,-07:00,2025-04-04T12:29:17-07:00,0,0
style.css,18,css,0771cc28,Kate Feng,2025-04-07,15:39:55,-07:00,2025-04-07T15:39:55-07:00,0,0
style.css,19,css,0771cc28,Kate Feng,2025-04-07,15:39:55,-07:00,2025-04-07T15:39:55-07:00,0,4
style.css,20,css,161892e6,Kate Feng,2025-04-04,12:29:17,-07:00,2025-04-04T12:29:17-07:00,0,13
style.css,21,css,0771cc28,Kate Feng,2025-04-07,15:39:55,-07:00,2025-04-07T15:39:55-07:00,0,23
style.css,22,css,0771cc28,Kate Feng,2025-04-07,15:39:55,-07:00,2025-04-07T15:39:55-07:00,0,10
style.css,23,css,2408ed30,Kate Feng,2025-04-17,19:25:22,-07:00,2025-04-17T19:25:22-07:00,0,20
style.css,24,css,2408ed30,Kate Feng,2025-04-17,19:25:22,-07:00,2025-04-17T19:25:22-07:00,0,25
style.css,25,css,0771cc28,Kate Feng,2025-04-07,15:39:55,-07:00,2025-04-07T15:39:55-07:00,0,0
style.css,26,css,0771cc28,Kate Feng,2025-04-07,15:39:55,-07:00,2025-04-07T15:39:55-07:00,0,2
style.css,27,css,0771cc28,Kate Feng,2025-04-07,15:39:55,-07:00,2025-04-07T15:39:55-07:00,0,21
style.css,28,css,0771cc28,Kate Feng,2025-04-07,15:39:55,-07:00,2025-04-07T15:39:55-07:00,0,14
style.css,29,css,0771cc28,Kate Feng,2025-04-07,15:39:55,-07:00,2025-04-07T15:39:55-07:00,0,14
style.css,30,css,0771cc28,Kate Feng,2025-04-07,15:39:55,-07:00,2025-04-07T15:39:55-07:00,0,15
style.css,31,css,0771cc28,Kate Feng,2025-04-07,15:39:55,-07:00,2025-04-07T15:39:55-07:00,0,17
style.css,32,css,0771cc28,Kate Feng,2025-04-07,15:39:55,-07:00,2025-04-07T15:39:55-07:00,0,18
style.css,33,css,0771cc28,Kate Feng,2025-04-07,15:39:55,-07:00,2025-04-07T15:39:55-07:00,0,19
style.css,34,css,0771cc28,Kate Feng,2025-04-07,15:39:55,-07:00,2025-04-07T15:39:55-07:00,0,0
style.css,35,css,0771cc28,Kate Feng,2025-04-07,15:39:55,-07:00,2025-04-07T15:39:55-07:00,0,10
style.css,36,css,2408ed30,Kate Feng,2025-04-17,19:25:22,-07:00,2025-04-17T19:25:22-07:00,0,46
style.css,37,css,2408ed30,Kate Feng,2025-04-17,19:25:22,-07:00,2025-04-17T19:25:22-07:00,0,0
style.css,38,css,0771cc28,Kate Feng,2025-04-07,15:39:55,-07:00,2025-04-07T15:39:55-07:00,0,0
style.css,39,css,0771cc28,Kate Feng,2025-04-07,15:39:55,-07:00,2025-04-07T15:39:55-07:00,0,8
style.css,40,css,0771cc28,Kate Feng,2025-04-07,15:39:55,-07:00,2025-04-07T15:39:55-07:00,0,26
style.css,41,css,2408ed30,Kate Feng,2025-04-17,19:25:22,-07:00,2025-04-17T19:25:22-07:00,0,70
style.css,42,css,0771cc28,Kate Feng,2025-04-07,15:39:55,-07:00,2025-04-07T15:39:55-07:00,0,0
style.css,43,css,0771cc28,Kate Feng,2025-04-07,15:39:55,-07:00,2025-04-07T15:39:55-07:00,0,0
style.css,44,css,0771cc28,Kate Feng,2025-04-07,15:39:55,-07:00,2025-04-07T15:39:55-07:00,0,0
style.css,45,css,0771cc28,Kate Feng,2025-04-07,15:39:55,-07:00,2025-04-07T15:39:55-07:00,0,0
style.css,46,css,0771cc28,Kate Feng,2025-04-07,15:39:55,-07:00,2025-04-07T15:39:55-07:00,0,7
style.css,47,css,161892e6,Kate Feng,2025-04-04,12:29:17,-07:00,2025-04-04T12:29:17-07:00,0,18
style.css,48,css,0771cc28,Kate Feng,2025-04-07,15:39:55,-07:00,2025-04-07T15:39:55-07:00,0,15
style.css,49,css,0771cc28,Kate Feng,2025-04-07,15:39:55,-07:00,2025-04-07T15:39:55-07:00,0,16
style.css,50,css,0771cc28,Kate Feng,2025-04-07,15:39:55,-07:00,2025-04-07T15:39:55-07:00,0,0
style.css,51,css,0771cc28,Kate Feng,2025-04-07,15:39:55,-07:00,2025-04-07T15:39:55-07:00,0,2
style.css,52,css,d19fb24d,Kate Feng,2025-04-18,17:27:34,-07:00,2025-04-18T17:27:34-07:00,0,26
style.css,53,css,0771cc28,Kate Feng,2025-04-07,15:39:55,-07:00,2025-04-07T15:39:55-07:00,0,21
style.css,54,css,0771cc28,Kate Feng,2025-04-07,15:39:55,-07:00,2025-04-07T15:39:55-07:00,0,0
style.css,55,css,0771cc28,Kate Feng,2025-04-07,15:39:55,-07:00,2025-04-07T15:39:55-07:00,0,8
style.css,56,css,0771cc28,Kate Feng,2025-04-07,15:39:55,-07:00,2025-04-07T15:39:55-07:00,0,26
style.css,57,css,0771cc28,Kate Feng,2025-04-07,15:39:55,-07:00,2025-04-07T15:39:55-07:00,0,0
style.css,58,css,0771cc28,Kate Feng,2025-04-07,15:39:55,-07:00,2025-04-07T15:39:55-07:00,0,0
style.css,59,css,0771cc28,Kate Feng,2025-04-07,15:39:55,-07:00,2025-04-07T15:39:55-07:00,0,0
style.css,60,css,0771cc28,Kate Feng,2025-04-07,15:39:55,-07:00,2025-04-07T15:39:55-07:00,0,0
style.css,61,css,0771cc28,Kate Feng,2025-04-07,15:39:55,-07:00,2025-04-07T15:39:55-07:00,0,10
style.css,62,css,161892e6,Kate Feng,2025-04-04,12:29:17,-07:00,2025-04-04T12:29:17-07:00,0,13
style.css,63,css,0771cc28,Kate Feng,2025-04-07,15:39:55,-07:00,2025-04-07T15:39:55-07:00,0,23
style.css,64,css,161892e6,Kate Feng,2025-04-04,12:29:17,-07:00,2025-04-04T12:29:17-07:00,0,19
style.css,65,css,015e9828,Kate Feng,2025-04-25,15:42:33,-07:00,2025-04-25T15:42:33-07:00,0,12
style.css,66,css,0771cc28,Kate Feng,2025-04-07,15:39:55,-07:00,2025-04-07T15:39:55-07:00,0,0
style.css,67,css,0771cc28,Kate Feng,2025-04-07,15:39:55,-07:00,2025-04-07T15:39:55-07:00,0,3
style.css,68,css,0771cc28,Kate Feng,2025-04-07,15:39:55,-07:00,2025-04-07T15:39:55-07:00,0,16
style.css,69,css,0771cc28,Kate Feng,2025-04-07,15:39:55,-07:00,2025-04-07T15:39:55-07:00,0,10
style.css,70,css,0771cc28,Kate Feng,2025-04-07,15:39:55,-07:00,2025-04-07T15:39:55-07:00,0,0
style.css,71,css,0771cc28,Kate Feng,2025-04-07,15:39:55,-07:00,2025-04-07T15:39:55-07:00,0,0
style.css,72,css,0771cc28,Kate Feng,2025-04-07,15:39:55,-07:00,2025-04-07T15:39:55-07:00,0,4
style.css,73,css,0771cc28,Kate Feng,2025-04-07,15:39:55,-07:00,2025-04-07T15:39:55-07:00,0,22
style.css,74,css,0771cc28,Kate Feng,2025-04-07,15:39:55,-07:00,2025-04-07T15:39:55-07:00,0,10
style.css,75,css,0771cc28,Kate Feng,2025-04-07,15:39:55,-07:00,2025-04-07T15:39:55-07:00,0,12
style.css,76,css,0771cc28,Kate Feng,2025-04-07,15:39:55,-07:00,2025-04-07T15:39:55-07:00,0,18
style.css,77,css,0771cc28,Kate Feng,2025-04-07,15:39:55,-07:00,2025-04-07T15:39:55-07:00,0,20
style.css,78,css,0771cc28,Kate Feng,2025-04-07,15:39:55,-07:00,2025-04-07T15:39:55-07:00,0,0
style.css,79,css,0771cc28,Kate Feng,2025-04-07,15:39:55,-07:00,2025-04-07T15:39:55-07:00,0,0
style.css,80,css,0771cc28,Kate Feng,2025-04-07,15:39:55,-07:00,2025-04-07T15:39:55-07:00,0,12
style.css,81,css,0771cc28,Kate Feng,2025-04-07,15:39:55,-07:00,2025-04-07T15:39:55-07:00,0,15
style.css,82,css,0771cc28,Kate Feng,2025-04-07,15:39:55,-07:00,2025-04-07T15:39:55-07:00,0,14
style.css,83,css,0771cc28,Kate Feng,2025-04-07,15:39:55,-07:00,2025-04-07T15:39:55-07:00,0,16
style.css,84,css,0771cc28,Kate Feng,2025-04-07,15:39:55,-07:00,2025-04-07T15:39:55-07:00,0,0
style.css,85,css,0771cc28,Kate Feng,2025-04-07,15:39:55,-07:00,2025-04-07T15:39:55-07:00,0,3
style.css,86,css,0771cc28,Kate Feng,2025-04-07,15:39:55,-07:00,2025-04-07T15:39:55-07:00,0,16
style.css,87,css,0771cc28,Kate Feng,2025-04-07,15:39:55,-07:00,2025-04-07T15:39:55-07:00,0,20
style.css,88,css,0771cc28,Kate Feng,2025-04-07,15:39:55,-07:00,2025-04-07T15:39:55-07:00,0,0
style.css,89,css,0771cc28,Kate Feng,2025-04-07,15:39:55,-07:00,2025-04-07T15:39:55-07:00,0,0
style.css,90,css,0771cc28,Kate Feng,2025-04-07,15:39:55,-07:00,2025-04-07T15:39:55-07:00,0,2
style.css,91,css,0771cc28,Kate Feng,2025-04-07,15:39:55,-07:00,2025-04-07T15:39:55-07:00,0,15
style.css,92,css,0771cc28,Kate Feng,2025-04-07,15:39:55,-07:00,2025-04-07T15:39:55-07:00,0,0
style.css,93,css,0771cc28,Kate Feng,2025-04-07,15:39:55,-07:00,2025-04-07T15:39:55-07:00,0,0
style.css,94,css,0771cc28,Kate Feng,2025-04-07,15:39:55,-07:00,2025-04-07T15:39:55-07:00,0,0
style.css,95,css,0771cc28,Kate Feng,2025-04-07,15:39:55,-07:00,2025-04-07T15:39:55-07:00,0,0
style.css,96,css,0771cc28,Kate Feng,2025-04-07,15:39:55,-07:00,2025-04-07T15:39:55-07:00,0,7
style.css,97,css,0771cc28,Kate Feng,2025-04-07,15:39:55,-07:00,2025-04-07T15:39:55-07:00,0,14
style.css,98,css,0771cc28,Kate Feng,2025-04-07,15:39:55,-07:00,2025-04-07T15:39:55-07:00,0,15
style.css,99,css,0771cc28,Kate Feng,2025-04-07,15:39:55,-07:00,2025-04-07T15:39:55-07:00,0,14
style.css,100,css,0771cc28,Kate Feng,2025-04-07,15:39:55,-07:00,2025-04-07T15:39:55-07:00,0,0
style.css,101,css,0771cc28,Kate Feng,2025-04-07,15:39:55,-07:00,2025-04-07T15:39:55-07:00,0,7
style.css,102,css,0771cc28,Kate Feng,2025-04-07,15:39:55,-07:00,2025-04-07T15:39:55-07:00,0,18
style.css,103,css,0771cc28,Kate Feng,2025-04-07,15:39:55,-07:00,2025-04-07T15:39:55-07:00,0,16
style.css,104,css,0771cc28,Kate Feng,2025-04-07,15:39:55,-07:00,2025-04-07T15:39:55-07:00,0,15
style.css,105,css,0771cc28,Kate Feng,2025-04-07,15:39:55,-07:00,2025-04-07T15:39:55-07:00,0,0
style.css,106,css,0771cc28,Kate Feng,2025-04-07,15:39:55,-07:00,2025-04-07T15:39:55-07:00,0,0
style.css,107,css,0771cc28,Kate Feng,2025-04-07,15:39:55,-07:00,2025-04-07T15:39:55-07:00,0,3
style.css,108,css,d19fb24d,Kate Feng,2025-04-18,17:27:34,-07:00,2025-04-18T17:27:34-07:00,0,48
style.css,109,css,0771cc28,Kate Feng,2025-04-07,15:39:55,-07:00,2025-04-07T15:39:55-07:00,0,21
style.css,110,css,0771cc28,Kate Feng,2025-04-07,15:39:55,-07:00,2025-04-07T15:39:55-07:00,0,16
style.css,111,css,0771cc28,Kate Feng,2025-04-07,15:39:55,-07:00,2025-04-07T15:39:55-07:00,0,0
style.css,112,css,0771cc28,Kate Feng,2025-04-07,15:39:55,-07:00,2025-04-07T15:39:55-07:00,0,0
style.css,113,css,0771cc28,Kate Feng,2025-04-07,15:39:55,-07:00,2025-04-07T15:39:55-07:00,0,3
style.css,114,css,0771cc28,Kate Feng,2025-04-07,15:39:55,-07:00,2025-04-07T15:39:55-07:00,0,9
style.css,115,css,0771cc28,Kate Feng,2025-04-07,15:39:55,-07:00,2025-04-07T15:39:55-07:00,0,0
style.css,116,css,0771cc28,Kate Feng,2025-04-07,15:39:55,-07:00,2025-04-07T15:39:55-07:00,0,0
style.css,117,css,0771cc28,Kate Feng,2025-04-07,15:39:55,-07:00,2025-04-07T15:39:55-07:00,0,8
style.css,118,css,0771cc28,Kate Feng,2025-04-07,15:39:55,-07:00,2025-04-07T15:39:55-07:00,0,18
style.css,119,css,0771cc28,Kate Feng,2025-04-07,15:39:55,-07:00,2025-04-07T15:39:55-07:00,0,0
style.css,120,css,0771cc28,Kate Feng,2025-04-07,15:39:55,-07:00,2025-04-07T15:39:55-07:00,0,0
style.css,121,css,0771cc28,Kate Feng,2025-04-07,15:39:55,-07:00,2025-04-07T15:39:55-07:00,0,19
style.css,122,css,0771cc28,Kate Feng,2025-04-07,15:39:55,-07:00,2025-04-07T15:39:55-07:00,0,13
style.css,123,css,0771cc28,Kate Feng,2025-04-07,15:39:55,-07:00,2025-04-07T15:39:55-07:00,0,30
style.css,124,css,0771cc28,Kate Feng,2025-04-07,15:39:55,-07:00,2025-04-07T15:39:55-07:00,0,19
style.css,125,css,0771cc28,Kate Feng,2025-04-07,15:39:55,-07:00,2025-04-07T15:39:55-07:00,0,0
style.css,126,css,0771cc28,Kate Feng,2025-04-07,15:39:55,-07:00,2025-04-07T15:39:55-07:00,0,0
style.css,127,css,0771cc28,Kate Feng,2025-04-07,15:39:55,-07:00,2025-04-07T15:39:55-07:00,0,21
style.css,128,css,0771cc28,Kate Feng,2025-04-07,15:39:55,-07:00,2025-04-07T15:39:55-07:00,0,13
style.css,129,css,0771cc28,Kate Feng,2025-04-07,15:39:55,-07:00,2025-04-07T15:39:55-07:00,0,0
style.css,130,css,0771cc28,Kate Feng,2025-04-07,15:39:55,-07:00,2025-04-07T15:39:55-07:00,0,0
style.css,131,css,0771cc28,Kate Feng,2025-04-07,15:39:55,-07:00,2025-04-07T15:39:55-07:00,0,11
style.css,132,css,0771cc28,Kate Feng,2025-04-07,15:39:55,-07:00,2025-04-07T15:39:55-07:00,0,18
style.css,133,css,0771cc28,Kate Feng,2025-04-07,15:39:55,-07:00,2025-04-07T15:39:55-07:00,0,0
style.css,134,css,0771cc28,Kate Feng,2025-04-07,15:39:55,-07:00,2025-04-07T15:39:55-07:00,0,0
style.css,135,css,0771cc28,Kate Feng,2025-04-07,15:39:55,-07:00,2025-04-07T15:39:55-07:00,0,3
style.css,136,css,0771cc28,Kate Feng,2025-04-07,15:39:55,-07:00,2025-04-07T15:39:55-07:00,0,21
style.css,137,css,0771cc28,Kate Feng,2025-04-07,15:39:55,-07:00,2025-04-07T15:39:55-07:00,0,9
style.css,138,css,0771cc28,Kate Feng,2025-04-07,15:39:55,-07:00,2025-04-07T15:39:55-07:00,0,20
style.css,139,css,0771cc28,Kate Feng,2025-04-07,15:39:55,-07:00,2025-04-07T15:39:55-07:00,0,18
style.css,140,css,0771cc28,Kate Feng,2025-04-07,15:39:55,-07:00,2025-04-07T15:39:55-07:00,0,0
style.css,141,css,0771cc28,Kate Feng,2025-04-07,15:39:55,-07:00,2025-04-07T15:39:55-07:00,0,0
style.css,142,css,0771cc28,Kate Feng,2025-04-07,15:39:55,-07:00,2025-04-07T15:39:55-07:00,0,6
style.css,143,css,0771cc28,Kate Feng,2025-04-07,15:39:55,-07:00,2025-04-07T15:39:55-07:00,0,18
style.css,144,css,0771cc28,Kate Feng,2025-04-07,15:39:55,-07:00,2025-04-07T15:39:55-07:00,0,0
style.css,145,css,0771cc28,Kate Feng,2025-04-07,15:39:55,-07:00,2025-04-07T15:39:55-07:00,0,0
style.css,146,css,0771cc28,Kate Feng,2025-04-07,15:39:55,-07:00,2025-04-07T15:39:55-07:00,0,0
style.css,147,css,0771cc28,Kate Feng,2025-04-07,15:39:55,-07:00,2025-04-07T15:39:55-07:00,0,0
style.css,148,css,25c9ff48,Kate Feng,2025-04-25,12:25:35,-07:00,2025-04-25T12:25:35-07:00,0,23
style.css,149,css,25c9ff48,Kate Feng,2025-04-25,12:25:35,-07:00,2025-04-25T12:25:35-07:00,0,9
style.css,150,css,25c9ff48,Kate Feng,2025-04-25,12:25:35,-07:00,2025-04-25T12:25:35-07:00,0,16
style.css,151,css,25c9ff48,Kate Feng,2025-04-25,12:25:35,-07:00,2025-04-25T12:25:35-07:00,0,18
style.css,152,css,161892e6,Kate Feng,2025-04-04,12:29:17,-07:00,2025-04-04T12:29:17-07:00,0,0
style.css,153,css,161892e6,Kate Feng,2025-04-04,12:29:17,-07:00,2025-04-04T12:29:17-07:00,0,0
style.css,154,css,0771cc28,Kate Feng,2025-04-07,15:39:55,-07:00,2025-04-07T15:39:55-07:00,0,5
style.css,155,css,0771cc28,Kate Feng,2025-04-07,15:39:55,-07:00,2025-04-07T15:39:55-07:00,0,13
style.css,156,css,0771cc28,Kate Feng,2025-04-07,15:39:55,-07:00,2025-04-07T15:39:55-07:00,0,31
style.css,157,css,0771cc28,Kate Feng,2025-04-07,15:39:55,-07:00,2025-04-07T15:39:55-07:00,0,14
style.css,158,css,0771cc28,Kate Feng,2025-04-07,15:39:55,-07:00,2025-04-07T15:39:55-07:00,0,16
style.css,159,css,0771cc28,Kate Feng,2025-04-07,15:39:55,-07:00,2025-04-07T15:39:55-07:00,0,10
style.css,160,css,fbfe3f7d,Kate Feng,2025-04-09,00:39:02,-07:00,2025-04-09T00:39:02-07:00,0,16
style.css,161,css,fbfe3f7d,Kate Feng,2025-04-09,00:39:02,-07:00,2025-04-09T00:39:02-07:00,0,18
style.css,162,css,fbfe3f7d,Kate Feng,2025-04-09,00:39:02,-07:00,2025-04-09T00:39:02-07:00,0,41
style.css,163,css,0771cc28,Kate Feng,2025-04-07,15:39:55,-07:00,2025-04-07T15:39:55-07:00,0,0
style.css,164,css,0771cc28,Kate Feng,2025-04-07,15:39:55,-07:00,2025-04-07T15:39:55-07:00,0,0
style.css,165,css,0771cc28,Kate Feng,2025-04-07,15:39:55,-07:00,2025-04-07T15:39:55-07:00,0,6
style.css,166,css,0771cc28,Kate Feng,2025-04-07,15:39:55,-07:00,2025-04-07T15:39:55-07:00,0,13
style.css,167,css,0771cc28,Kate Feng,2025-04-07,15:39:55,-07:00,2025-04-07T15:39:55-07:00,0,30
style.css,168,css,0771cc28,Kate Feng,2025-04-07,15:39:55,-07:00,2025-04-07T15:39:55-07:00,0,19
style.css,169,css,0771cc28,Kate Feng,2025-04-07,15:39:55,-07:00,2025-04-07T15:39:55-07:00,0,17
style.css,170,css,fbfe3f7d,Kate Feng,2025-04-09,00:39:02,-07:00,2025-04-09T00:39:02-07:00,0,18
style.css,171,css,0771cc28,Kate Feng,2025-04-07,15:39:55,-07:00,2025-04-07T15:39:55-07:00,0,20
style.css,172,css,fbfe3f7d,Kate Feng,2025-04-09,00:39:02,-07:00,2025-04-09T00:39:02-07:00,0,26
style.css,173,css,161892e6,Kate Feng,2025-04-04,12:29:17,-07:00,2025-04-04T12:29:17-07:00,0,0
style.css,174,css,161892e6,Kate Feng,2025-04-04,12:29:17,-07:00,2025-04-04T12:29:17-07:00,0,0
style.css,175,css,0771cc28,Kate Feng,2025-04-07,15:39:55,-07:00,2025-04-07T15:39:55-07:00,0,5
style.css,176,css,0771cc28,Kate Feng,2025-04-07,15:39:55,-07:00,2025-04-07T15:39:55-07:00,0,9
style.css,177,css,0771cc28,Kate Feng,2025-04-07,15:39:55,-07:00,2025-04-07T15:39:55-07:00,0,11
style.css,178,css,0771cc28,Kate Feng,2025-04-07,15:39:55,-07:00,2025-04-07T15:39:55-07:00,0,14
style.css,179,css,0771cc28,Kate Feng,2025-04-07,15:39:55,-07:00,2025-04-07T15:39:55-07:00,0,14
style.css,180,css,0771cc28,Kate Feng,2025-04-07,15:39:55,-07:00,2025-04-07T15:39:55-07:00,0,22
style.css,181,css,161892e6,Kate Feng,2025-04-04,12:29:17,-07:00,2025-04-04T12:29:17-07:00,0,0
style.css,182,css,161892e6,Kate Feng,2025-04-04,12:29:17,-07:00,2025-04-04T12:29:17-07:00,0,0
style.css,183,css,0771cc28,Kate Feng,2025-04-07,15:39:55,-07:00,2025-04-07T15:39:55-07:00,0,9
style.css,184,css,fbfe3f7d,Kate Feng,2025-04-09,00:39:02,-07:00,2025-04-09T00:39:02-07:00,0,16
style.css,185,css,fbfe3f7d,Kate Feng,2025-04-09,00:39:02,-07:00,2025-04-09T00:39:02-07:00,0,17
style.css,186,css,161892e6,Kate Feng,2025-04-04,12:29:17,-07:00,2025-04-04T12:29:17-07:00,0,0
style.css,187,css,161892e6,Kate Feng,2025-04-04,12:29:17,-07:00,2025-04-04T12:29:17-07:00,0,0
style.css,188,css,0771cc28,Kate Feng,2025-04-07,15:39:55,-07:00,2025-04-07T15:39:55-07:00,0,7
style.css,189,css,0771cc28,Kate Feng,2025-04-07,15:39:55,-07:00,2025-04-07T15:39:55-07:00,0,19
style.css,190,css,0771cc28,Kate Feng,2025-04-07,15:39:55,-07:00,2025-04-07T15:39:55-07:00,0,12
style.css,191,css,0771cc28,Kate Feng,2025-04-07,15:39:55,-07:00,2025-04-07T15:39:55-07:00,0,16
style.css,192,css,0771cc28,Kate Feng,2025-04-07,15:39:55,-07:00,2025-04-07T15:39:55-07:00,0,37
style.css,193,css,0771cc28,Kate Feng,2025-04-07,15:39:55,-07:00,2025-04-07T15:39:55-07:00,0,12
style.css,194,css,0771cc28,Kate Feng,2025-04-07,15:39:55,-07:00,2025-04-07T15:39:55-07:00,0,12
style.css,195,css,0771cc28,Kate Feng,2025-04-07,15:39:55,-07:00,2025-04-07T15:39:55-07:00,0,18
style.css,196,css,0771cc28,Kate Feng,2025-04-07,15:39:55,-07:00,2025-04-07T15:39:55-07:00,0,15
style.css,197,css,161892e6,Kate Feng,2025-04-04,12:29:17,-07:00,2025-04-04T12:29:17-07:00,0,0
style.css,198,css,161892e6,Kate Feng,2025-04-04,12:29:17,-07:00,2025-04-04T12:29:17-07:00,0,0
style.css,199,css,0771cc28,Kate Feng,2025-04-07,15:39:55,-07:00,2025-04-07T15:39:55-07:00,0,13
style.css,200,css,fbfe3f7d,Kate Feng,2025-04-09,00:39:02,-07:00,2025-04-09T00:39:02-07:00,0,25
style.css,201,css,161892e6,Kate Feng,2025-04-04,12:29:17,-07:00,2025-04-04T12:29:17-07:00,0,0
style.css,202,css,2408ed30,Kate Feng,2025-04-17,19:25:22,-07:00,2025-04-17T19:25:22-07:00,0,0
style.css,203,css,2408ed30,Kate Feng,2025-04-17,19:25:22,-07:00,2025-04-17T19:25:22-07:00,0,19
style.css,204,css,2408ed30,Kate Feng,2025-04-17,19:25:22,-07:00,2025-04-17T19:25:22-07:00,0,18
style.css,205,css,2408ed30,Kate Feng,2025-04-17,19:25:22,-07:00,2025-04-17T19:25:22-07:00,0,9
style.css,206,css,2408ed30,Kate Feng,2025-04-17,19:25:22,-07:00,2025-04-17T19:25:22-07:00,0,11
style.css,207,css,2408ed30,Kate Feng,2025-04-17,19:25:22,-07:00,2025-04-17T19:25:22-07:00,0,20
style.css,208,css,2408ed30,Kate Feng,2025-04-17,19:25:22,-07:00,2025-04-17T19:25:22-07:00,0,13
style.css,209,css,25c9ff48,Kate Feng,2025-04-25,12:25:35,-07:00,2025-04-25T12:25:35-07:00,0,0
style.css,210,css,25c9ff48,Kate Feng,2025-04-25,12:25:35,-07:00,2025-04-25T12:25:35-07:00,0,0
style.css,211,css,25c9ff48,Kate Feng,2025-04-25,12:25:35,-07:00,2025-04-25T12:25:35-07:00,0,20
style.css,212,css,25c9ff48,Kate Feng,2025-04-25,12:25:35,-07:00,2025-04-25T12:25:35-07:00,0,13
style.css,213,css,015e9828,Kate Feng,2025-04-25,15:42:33,-07:00,2025-04-25T15:42:33-07:00,0,35
style.css,214,css,25c9ff48,Kate Feng,2025-04-25,12:25:35,-07:00,2025-04-25T12:25:35-07:00,0,14
style.css,215,css,25c9ff48,Kate Feng,2025-04-25,12:25:35,-07:00,2025-04-25T12:25:35-07:00,0,18
style.css,216,css,25c9ff48,Kate Feng,2025-04-25,12:25:35,-07:00,2025-04-25T12:25:35-07:00,0,23
style.css,217,css,015e9828,Kate Feng,2025-04-25,15:42:33,-07:00,2025-04-25T15:42:33-07:00,0,15
style.css,218,css,015e9828,Kate Feng,2025-04-25,15:42:33,-07:00,2025-04-25T15:42:33-07:00,0,16
style.css,219,css,25c9ff48,Kate Feng,2025-04-25,12:25:35,-07:00,2025-04-25T12:25:35-07:00,0,17
style.css,220,css,25c9ff48,Kate Feng,2025-04-25,12:25:35,-07:00,2025-04-25T12:25:35-07:00,0,13
style.css,221,css,25c9ff48,Kate Feng,2025-04-25,12:25:35,-07:00,2025-04-25T12:25:35-07:00,0,0
style.css,222,css,25c9ff48,Kate Feng,2025-04-25,12:25:35,-07:00,2025-04-25T12:25:35-07:00,0,0
style.css,223,css,25c9ff48,Kate Feng,2025-04-25,12:25:35,-07:00,2025-04-25T12:25:35-07:00,0,22
style.css,224,css,25c9ff48,Kate Feng,2025-04-25,12:25:35,-07:00,2025-04-25T12:25:35-07:00,0,23
style.css,225,css,25c9ff48,Kate Feng,2025-04-25,12:25:35,-07:00,2025-04-25T12:25:35-07:00,0,9
style.css,226,css,25c9ff48,Kate Feng,2025-04-25,12:25:35,-07:00,2025-04-25T12:25:35-07:00,0,0
style.css,227,css,25c9ff48,Kate Feng,2025-04-25,12:25:35,-07:00,2025-04-25T12:25:35-07:00,0,0
style.css,228,css,25c9ff48,Kate Feng,2025-04-25,12:25:35,-07:00,2025-04-25T12:25:35-07:00,0,23
style.css,229,css,25c9ff48,Kate Feng,2025-04-25,12:25:35,-07:00,2025-04-25T12:25:35-07:00,0,18
style.css,230,css,25c9ff48,Kate Feng,2025-04-25,12:25:35,-07:00,2025-04-25T12:25:35-07:00,0,15
style.css,231,css,25c9ff48,Kate Feng,2025-04-25,12:25:35,-07:00,2025-04-25T12:25:35-07:00,0,16
style.css,232,css,25c9ff48,Kate Feng,2025-04-25,12:25:35,-07:00,2025-04-25T12:25:35-07:00,0,12
style.css,233,css,25c9ff48,Kate Feng,2025-04-25,12:25:35,-07:00,2025-04-25T12:25:35-07:00,0,0
style.css,234,css,25c9ff48,Kate Feng,2025-04-25,12:25:35,-07:00,2025-04-25T12:25:35-07:00,0,0
style.css,235,css,25c9ff48,Kate Feng,2025-04-25,12:25:35,-07:00,2025-04-25T12:25:35-07:00,0,10
style.css,236,css,25c9ff48,Kate Feng,2025-04-25,12:25:35,-07:00,2025-04-25T12:25:35-07:00,0,13
style.css,237,css,25c9ff48,Kate Feng,2025-04-25,12:25:35,-07:00,2025-04-25T12:25:35-07:00,0,58
style.css,238,css,25c9ff48,Kate Feng,2025-04-25,12:25:35,-07:00,2025-04-25T12:25:35-07:00,0,8
style.css,239,css,25c9ff48,Kate Feng,2025-04-25,12:25:35,-07:00,2025-04-25T12:25:35-07:00,0,12
style.css,240,css,25c9ff48,Kate Feng,2025-04-25,12:25:35,-07:00,2025-04-25T12:25:35-07:00,0,23
style.css,241,css,25c9ff48,Kate Feng,2025-04-25,12:25:35,-07:00,2025-04-25T12:25:35-07:00,0,0
style.css,242,css,25c9ff48,Kate Feng,2025-04-25,12:25:35,-07:00,2025-04-25T12:25:35-07:00,0,0
style.css,243,css,25c9ff48,Kate Feng,2025-04-25,12:25:35,-07:00,2025-04-25T12:25:35-07:00,0,20
style.css,244,css,25c9ff48,Kate Feng,2025-04-25,12:25:35,-07:00,2025-04-25T12:25:35-07:00,0,14
style.css,245,css,25c9ff48,Kate Feng,2025-04-25,12:25:35,-07:00,2025-04-25T12:25:35-07:00,0,48
style.css,246,css,25c9ff48,Kate Feng,2025-04-25,12:25:35,-07:00,2025-04-25T12:25:35-07:00,0,12
style.css,247,css,25c9ff48,Kate Feng,2025-04-25,12:25:35,-07:00,2025-04-25T12:25:35-07:00,0,0
style.css,248,css,25c9ff48,Kate Feng,2025-04-25,12:25:35,-07:00,2025-04-25T12:25:35-07:00,0,0
style.css,249,css,25c9ff48,Kate Feng,2025-04-25,12:25:35,-07:00,2025-04-25T12:25:35-07:00,0,18
style.css,250,css,25c9ff48,Kate Feng,2025-04-25,12:25:35,-07:00,2025-04-25T12:25:35-07:00,0,22
style.css,251,css,25c9ff48,Kate Feng,2025-04-25,12:25:35,-07:00,2025-04-25T12:25:35-07:00,0,12
style.css,252,css,25c9ff48,Kate Feng,2025-04-25,12:25:35,-07:00,2025-04-25T12:25:35-07:00,0,20
style.css,253,css,25c9ff48,Kate Feng,2025-04-25,12:25:35,-07:00,2025-04-25T12:25:35-07:00,0,16
style.css,254,css,25c9ff48,Kate Feng,2025-04-25,12:25:35,-07:00,2025-04-25T12:25:35-07:00,0,53
style.css,255,css,25c9ff48,Kate Feng,2025-04-25,12:25:35,-07:00,2025-04-25T12:25:35-07:00,0,0
style.css,256,css,25c9ff48,Kate Feng,2025-04-25,12:25:35,-07:00,2025-04-25T12:25:35-07:00,0,0
style.css,257,css,25c9ff48,Kate Feng,2025-04-25,12:25:35,-07:00,2025-04-25T12:25:35-07:00,0,24
style.css,258,css,25c9ff48,Kate Feng,2025-04-25,12:25:35,-07:00,2025-04-25T12:25:35-07:00,0,22
style.css,259,css,25c9ff48,Kate Feng,2025-04-25,12:25:35,-07:00,2025-04-25T12:25:35-07:00,0,41
style.css,260,css,25c9ff48,Kate Feng,2025-04-25,12:25:35,-07:00,2025-04-25T12:25:35-07:00,0,0
style.css,261,css,25c9ff48,Kate Feng,2025-04-25,12:25:35,-07:00,2025-04-25T12:25:35-07:00,0,0
style.css,262,css,25c9ff48,Kate Feng,2025-04-25,12:25:35,-07:00,2025-04-25T12:25:35-07:00,0,20
style.css,263,css,25c9ff48,Kate Feng,2025-04-25,12:25:35,-07:00,2025-04-25T12:25:35-07:00,0,21
style.css,264,css,25c9ff48,Kate Feng,2025-04-25,12:25:35,-07:00,2025-04-25T12:25:35-07:00,0,17
style.css,265,css,25c9ff48,Kate Feng,2025-04-25,12:25:35,-07:00,2025-04-25T12:25:35-07:00,0,15
style.css,266,css,25c9ff48,Kate Feng,2025-04-25,12:25:35,-07:00,2025-04-25T12:25:35-07:00,0,0
style.css,267,css,25c9ff48,Kate Feng,2025-04-25,12:25:35,-07:00,2025-04-25T12:25:35-07:00,0,0
style.css,268,css,25c9ff48,Kate Feng,2025-04-25,12:25:35,-07:00,2025-04-25T12:25:35-07:00,0,14
style.css,269,css,25c9ff48,Kate Feng,2025-04-25,12:25:35,-07:00,2025-04-25T12:25:35-07:00,0,11
style.css,270,css,25c9ff48,Kate Feng,2025-04-25,12:25:35,-07:00,2025-04-25T12:25:35-07:00,0,17
style.css,271,css,25c9ff48,Kate Feng,2025-04-25,12:25:35,-07:00,2025-04-25T12:25:35-07:00,0,12
style.css,272,css,25c9ff48,Kate Feng,2025-04-25,12:25:35,-07:00,2025-04-25T12:25:35-07:00,0,30
style.css,273,css,25c9ff48,Kate Feng,2025-04-25,12:25:35,-07:00,2025-04-25T12:25:35-07:00,0,0
style.css,274,css,25c9ff48,Kate Feng,2025-04-25,12:25:35,-07:00,2025-04-25T12:25:35-07:00,0,0
style.css,275,css,25c9ff48,Kate Feng,2025-04-25,12:25:35,-07:00,2025-04-25T12:25:35-07:00,0,22
style.css,276,css,25c9ff48,Kate Feng,2025-04-25,12:25:35,-07:00,2025-04-25T12:25:35-07:00,0,18
style.css,277,css,015e9828,Kate Feng,2025-04-25,15:42:33,-07:00,2025-04-25T15:42:33-07:00,0,15
style.css,278,css,3d52ce47,Kate Feng,2025-05-02,11:42:25,-07:00,2025-05-02T11:42:25-07:00,0,0
style.css,279,css,3d52ce47,Kate Feng,2025-05-02,11:42:25,-07:00,2025-05-02T11:42:25-07:00,0,0
style.css,280,css,3d52ce47,Kate Feng,2025-05-02,11:42:25,-07:00,2025-05-02T11:42:25-07:00,0,11
style.css,281,css,3d52ce47,Kate Feng,2025-05-02,11:42:25,-07:00,2025-05-02T11:42:25-07:00,0,13
style.css,282,css,3d52ce47,Kate Feng,2025-05-02,11:42:25,-07:00,2025-05-02T11:42:25-07:00,0,19
style.css,283,css,3d52ce47,Kate Feng,2025-05-02,11:42:25,-07:00,2025-05-02T11:42:25-07:00,0,8
style.css,284,css,3d52ce47,Kate Feng,2025-05-02,11:42:25,-07:00,2025-05-02T11:42:25-07:00,0,17
style.css,285,css,3d52ce47,Kate Feng,2025-05-02,11:42:25,-07:00,2025-05-02T11:42:25-07:00,0,23
style.css,286,css,80082082,Kate Feng,2025-05-02,15:46:34,-07:00,2025-05-02T15:46:34-07:00,0,22
style.css,287,css,80082082,Kate Feng,2025-05-02,15:46:34,-07:00,2025-05-02T15:46:34-07:00,0,0
style.css,288,css,80082082,Kate Feng,2025-05-02,15:46:34,-07:00,2025-05-02T15:46:34-07:00,0,0
style.css,289,css,80082082,Kate Feng,2025-05-02,15:46:34,-07:00,2025-05-02T15:46:34-07:00,0,9
style.css,290,css,80082082,Kate Feng,2025-05-02,15:46:34,-07:00,2025-05-02T15:46:34-07:00,0,13
style.css,291,css,80082082,Kate Feng,2025-05-02,15:46:34,-07:00,2025-05-02T15:46:34-07:00,0,19
style.css,292,css,80082082,Kate Feng,2025-05-02,15:46:34,-07:00,2025-05-02T15:46:34-07:00,0,23
style.css,293,css,80082082,Kate Feng,2025-05-02,15:46:34,-07:00,2025-05-02T15:46:34-07:00,0,19
style.css,294,css,80082082,Kate Feng,2025-05-02,15:46:34,-07:00,2025-05-02T15:46:34-07:00,0,15
style.css,295,css,80082082,Kate Feng,2025-05-02,15:46:34,-07:00,2025-05-02T15:46:34-07:00,0,11
style.css,296,css,3d52ce47,Kate Feng,2025-05-02,11:42:25,-07:00,2025-05-02T11:42:25-07:00,0,0
style.css,297,css,3d52ce47,Kate Feng,2025-05-02,11:42:25,-07:00,2025-05-02T11:42:25-07:00,0,0
style.css,298,css,3d52ce47,Kate Feng,2025-05-02,11:42:25,-07:00,2025-05-02T11:42:25-07:00,0,19
style.css,299,css,3d52ce47,Kate Feng,2025-05-02,11:42:25,-07:00,2025-05-02T11:42:25-07:00,0,11
style.css,300,css,3d52ce47,Kate Feng,2025-05-02,11:42:25,-07:00,2025-05-02T11:42:25-07:00,0,12
style.css,301,css,3d52ce47,Kate Feng,2025-05-02,11:42:25,-07:00,2025-05-02T11:42:25-07:00,0,0
style.css,302,css,3d52ce47,Kate Feng,2025-05-02,11:42:25,-07:00,2025-05-02T11:42:25-07:00,0,0
style.css,303,css,3d52ce47,Kate Feng,2025-05-02,11:42:25,-07:00,2025-05-02T11:42:25-07:00,0,8
style.css,304,css,3d52ce47,Kate Feng,2025-05-02,11:42:25,-07:00,2025-05-02T11:42:25-07:00,0,12
style.css,305,css,3d52ce47,Kate Feng,2025-05-02,11:42:25,-07:00,2025-05-02T11:42:25-07:00,0,12
style.css,306,css,3d52ce47,Kate Feng,2025-05-02,11:42:25,-07:00,2025-05-02T11:42:25-07:00,0,23
style.css,307,css,3d52ce47,Kate Feng,2025-05-02,11:42:25,-07:00,2025-05-02T11:42:25-07:00,0,0
style.css,308,css,3d52ce47,Kate Feng,2025-05-02,11:42:25,-07:00,2025-05-02T11:42:25-07:00,0,0
style.css,309,css,3d52ce47,Kate Feng,2025-05-02,11:42:25,-07:00,2025-05-02T11:42:25-07:00,0,12
style.css,310,css,3d52ce47,Kate Feng,2025-05-02,11:42:25,-07:00,2025-05-02T11:42:25-07:00,0,22
style.css,311,css,3d52ce47,Kate Feng,2025-05-02,11:42:25,-07:00,2025-05-02T11:42:25-07:00,0,20
style.css,312,css,3d52ce47,Kate Feng,2025-05-02,11:42:25,-07:00,2025-05-02T11:42:25-07:00,0,12
style.css,313,css,3d52ce47,Kate Feng,2025-05-02,11:42:25,-07:00,2025-05-02T11:42:25-07:00,0,15
style.css,314,css,3d52ce47,Kate Feng,2025-05-02,11:42:25,-07:00,2025-05-02T11:42:25-07:00,0,15
style.css,315,css,3d52ce47,Kate Feng,2025-05-02,11:42:25,-07:00,2025-05-02T11:42:25-07:00,0,13
style.css,316,css,3d52ce47,Kate Feng,2025-05-02,11:42:25,-07:00,2025-05-02T11:42:25-07:00,0,23
style.css,317,css,3d52ce47,Kate Feng,2025-05-02,11:42:25,-07:00,2025-05-02T11:42:25-07:00,0,0
style.css,318,css,3d52ce47,Kate Feng,2025-05-02,11:42:25,-07:00,2025-05-02T11:42:25-07:00,0,0
style.css,319,css,3d52ce47,Kate Feng,2025-05-02,11:42:25,-07:00,2025-05-02T11:42:25-07:00,0,8
style.css,320,css,3d52ce47,Kate Feng,2025-05-02,11:42:25,-07:00,2025-05-02T11:42:25-07:00,0,13
style.css,321,css,3d52ce47,Kate Feng,2025-05-02,11:42:25,-07:00,2025-05-02T11:42:25-07:00,0,58
style.css,322,css,3d52ce47,Kate Feng,2025-05-02,11:42:25,-07:00,2025-05-02T11:42:25-07:00,0,10
style.css,323,css,3d52ce47,Kate Feng,2025-05-02,11:42:25,-07:00,2025-05-02T11:42:25-07:00,0,16
style.css,324,css,3d52ce47,Kate Feng,2025-05-02,11:42:25,-07:00,2025-05-02T11:42:25-07:00,0,9
style.css,325,css,3d52ce47,Kate Feng,2025-05-02,11:42:25,-07:00,2025-05-02T11:42:25-07:00,0,12
style.css,326,css,3d52ce47,Kate Feng,2025-05-02,11:42:25,-07:00,2025-05-02T11:42:25-07:00,0,0
style.css,327,css,3d52ce47,Kate Feng,2025-05-02,11:42:25,-07:00,2025-05-02T11:42:25-07:00,0,0
style.css,328,css,3d52ce47,Kate Feng,2025-05-02,11:42:25,-07:00,2025-05-02T11:42:25-07:00,0,8
style.css,329,css,3d52ce47,Kate Feng,2025-05-02,11:42:25,-07:00,2025-05-02T11:42:25-07:00,0,21
style.css,330,css,3d52ce47,Kate Feng,2025-05-02,11:42:25,-07:00,2025-05-02T11:42:25-07:00,0,10
style.css,331,css,3d52ce47,Kate Feng,2025-05-02,11:42:25,-07:00,2025-05-02T11:42:25-07:00,0,11
style.css,332,css,3d52ce47,Kate Feng,2025-05-02,11:42:25,-07:00,2025-05-02T11:42:25-07:00,0,19
style.css,333,css,3d52ce47,Kate Feng,2025-05-02,11:42:25,-07:00,2025-05-02T11:42:25-07:00,0,30
style.css,334,css,3d52ce47,Kate Feng,2025-05-02,11:42:25,-07:00,2025-05-02T11:42:25-07:00,0,18
style.css,335,css,3d52ce47,Kate Feng,2025-05-02,11:42:25,-07:00,2025-05-02T11:42:25-07:00,0,22
style.css,336,css,3d52ce47,Kate Feng,2025-05-02,11:42:25,-07:00,2025-05-02T11:42:25-07:00,0,0
style.css,337,css,3d52ce47,Kate Feng,2025-05-02,11:42:25,-07:00,2025-05-02T11:42:25-07:00,0,0
style.css,338,css,3d52ce47,Kate Feng,2025-05-02,11:42:25,-07:00,2025-05-02T11:42:25-07:00,0,12
style.css,339,css,3d52ce47,Kate Feng,2025-05-02,11:42:25,-07:00,2025-05-02T11:42:25-07:00,0,7
style.css,340,css,3d52ce47,Kate Feng,2025-05-02,11:42:25,-07:00,2025-05-02T11:42:25-07:00,0,0
style.css,341,css,3d52ce47,Kate Feng,2025-05-02,11:42:25,-07:00,2025-05-02T11:42:25-07:00,0,0
style.css,342,css,3d52ce47,Kate Feng,2025-05-02,11:42:25,-07:00,2025-05-02T11:42:25-07:00,0,10
style.css,343,css,3d52ce47,Kate Feng,2025-05-02,11:42:25,-07:00,2025-05-02T11:42:25-07:00,0,13
style.css,344,css,3d52ce47,Kate Feng,2025-05-02,11:42:25,-07:00,2025-05-02T11:42:25-07:00,0,19
style.css,345,css,3d52ce47,Kate Feng,2025-05-02,11:42:25,-07:00,2025-05-02T11:42:25-07:00,0,10
style.css,346,css,3d52ce47,Kate Feng,2025-05-02,11:42:25,-07:00,2025-05-02T11:42:25-07:00,0,0
style.css,347,css,3d52ce47,Kate Feng,2025-05-02,11:42:25,-07:00,2025-05-02T11:42:25-07:00,0,0
style.css,348,css,3d52ce47,Kate Feng,2025-05-02,11:42:25,-07:00,2025-05-02T11:42:25-07:00,0,9
style.css,349,css,3d52ce47,Kate Feng,2025-05-02,11:42:25,-07:00,2025-05-02T11:42:25-07:00,0,14
style.css,350,css,3d52ce47,Kate Feng,2025-05-02,11:42:25,-07:00,2025-05-02T11:42:25-07:00,0,0
style.css,351,css,3d52ce47,Kate Feng,2025-05-02,11:42:25,-07:00,2025-05-02T11:42:25-07:00,0,0
style.css,352,css,3d52ce47,Kate Feng,2025-05-02,11:42:25,-07:00,2025-05-02T11:42:25-07:00,0,11
style.css,353,css,3d52ce47,Kate Feng,2025-05-02,11:42:25,-07:00,2025-05-02T11:42:25-07:00,0,11
style.css,354,css,3d52ce47,Kate Feng,2025-05-02,11:42:25,-07:00,2025-05-02T11:42:25-07:00,0,15
style.css,355,css,3d52ce47,Kate Feng,2025-05-02,11:42:25,-07:00,2025-05-02T11:42:25-07:00,0,14
style.css,356,css,3d52ce47,Kate Feng,2025-05-02,11:42:25,-07:00,2025-05-02T11:42:25-07:00,0,22
style.css,357,css,3d52ce47,Kate Feng,2025-05-02,11:42:25,-07:00,2025-05-02T11:42:25-07:00,0,23
style.css,358,css,3d52ce47,Kate Feng,2025-05-02,11:42:25,-07:00,2025-05-02T11:42:25-07:00,0,0
style.css,359,css,3d52ce47,Kate Feng,2025-05-02,11:42:25,-07:00,2025-05-02T11:42:25-07:00,0,0
style.css,360,css,3d52ce47,Kate Feng,2025-05-02,11:42:25,-07:00,2025-05-02T11:42:25-07:00,0,18
style.css,361,css,3d52ce47,Kate Feng,2025-05-02,11:42:25,-07:00,2025-05-02T11:42:25-07:00,0,17
style.css,362,css,3d52ce47,Kate Feng,2025-05-02,11:42:25,-07:00,2025-05-02T11:42:25-07:00,0,12
style.css,363,css,3d52ce47,Kate Feng,2025-05-02,11:42:25,-07:00,2025-05-02T11:42:25-07:00,0,0
style.css,364,css,3d52ce47,Kate Feng,2025-05-02,11:42:25,-07:00,2025-05-02T11:42:25-07:00,0,0
style.css,365,css,3d52ce47,Kate Feng,2025-05-02,11:42:25,-07:00,2025-05-02T11:42:25-07:00,0,0
style.css,366,css,3d52ce47,Kate Feng,2025-05-02,11:42:25,-07:00,2025-05-02T11:42:25-07:00,0,5
style.css,367,css,3d52ce47,Kate Feng,2025-05-02,11:42:25,-07:00,2025-05-02T11:42:25-07:00,0,17
style.css,368,css,3d52ce47,Kate Feng,2025-05-02,11:42:25,-07:00,2025-05-02T11:42:25-07:00,0,15
style.css,369,css,3d52ce47,Kate Feng,2025-05-02,11:42:25,-07:00,2025-05-02T11:42:25-07:00,0,0
style.css,370,css,3d52ce47,Kate Feng,2025-05-02,11:42:25,-07:00,2025-05-02T11:42:25-07:00,0,0
style.css,371,css,3d52ce47,Kate Feng,2025-05-02,11:42:25,-07:00,2025-05-02T11:42:25-07:00,0,10
style.css,372,css,3d52ce47,Kate Feng,2025-05-02,11:42:25,-07:00,2025-05-02T11:42:25-07:00,0,53
style.css,373,css,3d52ce47,Kate Feng,2025-05-02,11:42:25,-07:00,2025-05-02T11:42:25-07:00,0,0
style.css,374,css,3d52ce47,Kate Feng,2025-05-02,11:42:25,-07:00,2025-05-02T11:42:25-07:00,0,0
style.css,375,css,3d52ce47,Kate Feng,2025-05-02,11:42:25,-07:00,2025-05-02T11:42:25-07:00,0,19
style.css,376,css,3d52ce47,Kate Feng,2025-05-02,11:42:25,-07:00,2025-05-02T11:42:25-07:00,0,18
style.css,377,css,3d52ce47,Kate Feng,2025-05-02,11:42:25,-07:00,2025-05-02T11:42:25-07:00,0,0
style.css,378,css,3d52ce47,Kate Feng,2025-05-02,11:42:25,-07:00,2025-05-02T11:42:25-07:00,0,0
index.js,1,js,015e9828,Kate Feng,2025-04-25,15:42:33,-07:00,2025-04-25T15:42:33-07:00,0,72
index.js,2,js,25c9ff48,Kate Feng,2025-04-25,12:25:35,-07:00,2025-04-25T12:25:35-07:00,0,0
index.js,3,js,015e9828,Kate Feng,2025-04-25,15:42:33,-07:00,2025-04-25T15:42:33-07:00,0,55
index.js,4,js,25c9ff48,Kate Feng,2025-04-25,12:25:35,-07:00,2025-04-25T12:25:35-07:00,0,43
index.js,5,js,25c9ff48,Kate Feng,2025-04-25,12:25:35,-07:00,2025-04-25T12:25:35-07:00,0,0
index.js,6,js,25c9ff48,Kate Feng,2025-04-25,12:25:35,-07:00,2025-04-25T12:25:35-07:00,0,61
index.js,7,js,25c9ff48,Kate Feng,2025-04-25,12:25:35,-07:00,2025-04-25T12:25:35-07:00,0,0
index.js,8,js,25c9ff48,Kate Feng,2025-04-25,12:25:35,-07:00,2025-04-25T12:25:35-07:00,0,53
index.js,9,js,25c9ff48,Kate Feng,2025-04-25,12:25:35,-07:00,2025-04-25T12:25:35-07:00,0,0
index.js,10,js,25c9ff48,Kate Feng,2025-04-25,12:25:35,-07:00,2025-04-25T12:25:35-07:00,0,61
index.js,11,js,25c9ff48,Kate Feng,2025-04-25,12:25:35,-07:00,2025-04-25T12:25:35-07:00,0,18
index.js,12,js,25c9ff48,Kate Feng,2025-04-25,12:25:35,-07:00,2025-04-25T12:25:35-07:00,0,25
index.js,13,js,25c9ff48,Kate Feng,2025-04-25,12:25:35,-07:00,2025-04-25T12:25:35-07:00,0,53
index.js,14,js,25c9ff48,Kate Feng,2025-04-25,12:25:35,-07:00,2025-04-25T12:25:35-07:00,0,30
index.js,15,js,25c9ff48,Kate Feng,2025-04-25,12:25:35,-07:00,2025-04-25T12:25:35-07:00,0,66
index.js,16,js,25c9ff48,Kate Feng,2025-04-25,12:25:35,-07:00,2025-04-25T12:25:35-07:00,0,60
index.js,17,js,25c9ff48,Kate Feng,2025-04-25,12:25:35,-07:00,2025-04-25T12:25:35-07:00,0,60
index.js,18,js,25c9ff48,Kate Feng,2025-04-25,12:25:35,-07:00,2025-04-25T12:25:35-07:00,0,4
index.js,19,js,25c9ff48,Kate Feng,2025-04-25,12:25:35,-07:00,2025-04-25T12:25:35-07:00,0,1
index.js,20,js,25c9ff48,Kate Feng,2025-04-25,12:25:35,-07:00,2025-04-25T12:25:35-07:00,0,0
index.js,21,js,25c9ff48,Kate Feng,2025-04-25,12:25:35,-07:00,2025-04-25T12:25:35-07:00,0,0
index.js,22,js,25c9ff48,Kate Feng,2025-04-25,12:25:35,-07:00,2025-04-25T12:25:35-07:00,0,55
index.html,1,html,b3751ff0,Kate Feng,2025-04-02,14:40:08,-07:00,2025-04-02T14:40:08-07:00,0,14
index.html,2,html,b3751ff0,Kate Feng,2025-04-02,14:40:08,-07:00,2025-04-02T14:40:08-07:00,0,15
index.html,3,html,b3751ff0,Kate Feng,2025-04-02,14:40:08,-07:00,2025-04-02T14:40:08-07:00,0,5
index.html,4,html,0771cc28,Kate Feng,2025-04-07,15:39:55,-07:00,2025-04-07T15:39:55-07:00,0,21
index.html,5,html,0771cc28,Kate Feng,2025-04-07,15:39:55,-07:00,2025-04-07T15:39:55-07:00,0,69
index.html,6,html,0771cc28,Kate Feng,2025-04-07,15:39:55,-07:00,2025-04-07T15:39:55-07:00,0,55
index.html,7,html,0771cc28,Kate Feng,2025-04-07,15:39:55,-07:00,2025-04-07T15:39:55-07:00,0,39
index.html,8,html,3a52db60,Kate Feng,2025-04-18,15:26:01,-07:00,2025-04-18T15:26:01-07:00,0,46
index.html,9,html,015e9828,Kate Feng,2025-04-25,15:42:33,-07:00,2025-04-25T15:42:33-07:00,0,45
index.html,10,html,2408ed30,Kate Feng,2025-04-17,19:25:22,-07:00,2025-04-17T19:25:22-07:00,0,0
index.html,11,html,b3751ff0,Kate Feng,2025-04-02,14:40:08,-07:00,2025-04-02T14:40:08-07:00,0,6
index.html,12,html,b3751ff0,Kate Feng,2025-04-02,14:40:08,-07:00,2025-04-02T14:40:08-07:00,0,5
index.html,13,html,0771cc28,Kate Feng,2025-04-07,15:39:55,-07:00,2025-04-07T15:39:55-07:00,0,18
index.html,14,html,0771cc28,Kate Feng,2025-04-07,15:39:55,-07:00,2025-04-07T15:39:55-07:00,0,54
index.html,15,html,0771cc28,Kate Feng,2025-04-07,15:39:55,-07:00,2025-04-07T15:39:55-07:00,0,23
index.html,16,html,0771cc28,Kate Feng,2025-04-07,15:39:55,-07:00,2025-04-07T15:39:55-07:00,0,17
index.html,17,html,0771cc28,Kate Feng,2025-04-07,15:39:55,-07:00,2025-04-07T15:39:55-07:00,0,380
index.html,18,html,015e9828,Kate Feng,2025-04-25,15:42:33,-07:00,2025-04-25T15:42:33-07:00,0,36
index.html,19,html,3a52db60,Kate Feng,2025-04-18,15:26:01,-07:00,2025-04-18T15:26:01-07:00,0,5
index.html,20,html,015e9828,Kate Feng,2025-04-25,15:42:33,-07:00,2025-04-25T15:42:33-07:00,0,23
index.html,21,html,015e9828,Kate Feng,2025-04-25,15:42:33,-07:00,2025-04-25T15:42:33-07:00,0,27
index.html,22,html,015e9828,Kate Feng,2025-04-25,15:42:33,-07:00,2025-04-25T15:42:33-07:00,0,0
index.html,23,html,b3751ff0,Kate Feng,2025-04-02,14:40:08,-07:00,2025-04-02T14:40:08-07:00,0,6
index.html,24,html,b3751ff0,Kate Feng,2025-04-02,14:40:08,-07:00,2025-04-02T14:40:08-07:00,0,6
global.js,1,js,2408ed30,Kate Feng,2025-04-17,19:25:22,-07:00,2025-04-17T19:25:22-07:00,0,26
global.js,2,js,2408ed30,Kate Feng,2025-04-17,19:25:22,-07:00,2025-04-17T19:25:22-07:00,0,0
global.js,3,js,2408ed30,Kate Feng,2025-04-17,19:25:22,-07:00,2025-04-17T19:25:22-07:00,0,42
global.js,4,js,2408ed30,Kate Feng,2025-04-17,19:25:22,-07:00,2025-04-17T19:25:22-07:00,0,53
global.js,5,js,2408ed30,Kate Feng,2025-04-17,19:25:22,-07:00,2025-04-17T19:25:22-07:00,0,0
global.js,6,js,2408ed30,Kate Feng,2025-04-17,19:25:22,-07:00,2025-04-17T19:25:22-07:00,0,0
global.js,7,js,2408ed30,Kate Feng,2025-04-17,19:25:22,-07:00,2025-04-17T19:25:22-07:00,0,12
global.js,8,js,2408ed30,Kate Feng,2025-04-17,19:25:22,-07:00,2025-04-17T19:25:22-07:00,0,26
global.js,9,js,2408ed30,Kate Feng,2025-04-17,19:25:22,-07:00,2025-04-17T19:25:22-07:00,0,39
global.js,10,js,2408ed30,Kate Feng,2025-04-17,19:25:22,-07:00,2025-04-17T19:25:22-07:00,0,37
global.js,11,js,2408ed30,Kate Feng,2025-04-17,19:25:22,-07:00,2025-04-17T19:25:22-07:00,0,27
global.js,12,js,00000000,Not Committed Yet,2025-05-07,13:34:15,-07:00,2025-05-07T13:34:15-07:00,0,30
global.js,13,js,6de5c47b,Kate Feng,2025-04-18,21:20:32,-07:00,2025-04-18T21:20:32-07:00,0,54
global.js,14,js,2408ed30,Kate Feng,2025-04-17,19:25:22,-07:00,2025-04-17T19:25:22-07:00,0,1
global.js,15,js,2408ed30,Kate Feng,2025-04-17,19:25:22,-07:00,2025-04-17T19:25:22-07:00,0,0
global.js,16,js,2408ed30,Kate Feng,2025-04-17,19:25:22,-07:00,2025-04-17T19:25:22-07:00,0,39
global.js,17,js,2408ed30,Kate Feng,2025-04-17,19:25:22,-07:00,2025-04-17T19:25:22-07:00,0,26
global.js,18,js,2408ed30,Kate Feng,2025-04-17,19:25:22,-07:00,2025-04-17T19:25:22-07:00,0,0
global.js,19,js,2408ed30,Kate Feng,2025-04-17,19:25:22,-07:00,2025-04-17T19:25:22-07:00,0,21
global.js,20,js,2408ed30,Kate Feng,2025-04-17,19:25:22,-07:00,2025-04-17T19:25:22-07:00,0,15
global.js,21,js,2408ed30,Kate Feng,2025-04-17,19:25:22,-07:00,2025-04-17T19:25:22-07:00,0,19
global.js,22,js,2408ed30,Kate Feng,2025-04-17,19:25:22,-07:00,2025-04-17T19:25:22-07:00,0,0
global.js,23,js,2408ed30,Kate Feng,2025-04-17,19:25:22,-07:00,2025-04-17T19:25:22-07:00,0,89
global.js,24,js,2408ed30,Kate Feng,2025-04-17,19:25:22,-07:00,2025-04-17T19:25:22-07:00,0,37
global.js,25,js,86eea3de,Kate Feng,2025-04-18,15:22:21,-07:00,2025-04-18T15:22:21-07:00,0,49
global.js,26,js,2408ed30,Kate Feng,2025-04-17,19:25:22,-07:00,2025-04-17T19:25:22-07:00,0,0
global.js,27,js,2408ed30,Kate Feng,2025-04-17,19:25:22,-07:00,2025-04-17T19:25:22-07:00,0,53
global.js,28,js,2408ed30,Kate Feng,2025-04-17,19:25:22,-07:00,2025-04-17T19:25:22-07:00,0,68
global.js,29,js,2408ed30,Kate Feng,2025-04-17,19:25:22,-07:00,2025-04-17T19:25:22-07:00,0,0
global.js,30,js,2408ed30,Kate Feng,2025-04-17,19:25:22,-07:00,2025-04-17T19:25:22-07:00,0,0
global.js,31,js,2408ed30,Kate Feng,2025-04-17,19:25:22,-07:00,2025-04-17T19:25:22-07:00,0,26
global.js,32,js,2408ed30,Kate Feng,2025-04-17,19:25:22,-07:00,2025-04-17T19:25:22-07:00,0,0
global.js,33,js,6de5c47b,Kate Feng,2025-04-18,21:20:32,-07:00,2025-04-18T21:20:32-07:00,0,24
global.js,34,js,6de5c47b,Kate Feng,2025-04-18,21:20:32,-07:00,2025-04-18T21:20:32-07:00,0,30
global.js,35,js,6de5c47b,Kate Feng,2025-04-18,21:20:32,-07:00,2025-04-18T21:20:32-07:00,0,19
global.js,36,js,6de5c47b,Kate Feng,2025-04-18,21:20:32,-07:00,2025-04-18T21:20:32-07:00,0,29
global.js,37,js,6de5c47b,Kate Feng,2025-04-18,21:20:32,-07:00,2025-04-18T21:20:32-07:00,0,0
global.js,38,js,6de5c47b,Kate Feng,2025-04-18,21:20:32,-07:00,2025-04-18T21:20:32-07:00,0,0
global.js,39,js,6de5c47b,Kate Feng,2025-04-18,21:20:32,-07:00,2025-04-18T21:20:32-07:00,0,0
global.js,40,js,2408ed30,Kate Feng,2025-04-17,19:25:22,-07:00,2025-04-17T19:25:22-07:00,0,31
global.js,41,js,2408ed30,Kate Feng,2025-04-17,19:25:22,-07:00,2025-04-17T19:25:22-07:00,0,67
global.js,42,js,2408ed30,Kate Feng,2025-04-17,19:25:22,-07:00,2025-04-17T19:25:22-07:00,0,1
global.js,43,js,2408ed30,Kate Feng,2025-04-17,19:25:22,-07:00,2025-04-17T19:25:22-07:00,0,0
global.js,44,js,2408ed30,Kate Feng,2025-04-17,19:25:22,-07:00,2025-04-17T19:25:22-07:00,0,37
global.js,45,js,2408ed30,Kate Feng,2025-04-17,19:25:22,-07:00,2025-04-17T19:25:22-07:00,0,0
global.js,46,js,2408ed30,Kate Feng,2025-04-17,19:25:22,-07:00,2025-04-17T19:25:22-07:00,0,31
global.js,47,js,2408ed30,Kate Feng,2025-04-17,19:25:22,-07:00,2025-04-17T19:25:22-07:00,0,0
global.js,48,js,2408ed30,Kate Feng,2025-04-17,19:25:22,-07:00,2025-04-17T19:25:22-07:00,0,36
global.js,49,js,2408ed30,Kate Feng,2025-04-17,19:25:22,-07:00,2025-04-17T19:25:22-07:00,0,78
global.js,50,js,2408ed30,Kate Feng,2025-04-17,19:25:22,-07:00,2025-04-17T19:25:22-07:00,0,0
global.js,51,js,2408ed30,Kate Feng,2025-04-17,19:25:22,-07:00,2025-04-17T19:25:22-07:00,0,0
global.js,52,js,2408ed30,Kate Feng,2025-04-17,19:25:22,-07:00,2025-04-17T19:25:22-07:00,0,32
global.js,53,js,2408ed30,Kate Feng,2025-04-17,19:25:22,-07:00,2025-04-17T19:25:22-07:00,0,12
global.js,54,js,2408ed30,Kate Feng,2025-04-17,19:25:22,-07:00,2025-04-17T19:25:22-07:00,0,0
global.js,55,js,2408ed30,Kate Feng,2025-04-17,19:25:22,-07:00,2025-04-17T19:25:22-07:00,0,27
global.js,56,js,2408ed30,Kate Feng,2025-04-17,19:25:22,-07:00,2025-04-17T19:25:22-07:00,0,5
global.js,57,js,2408ed30,Kate Feng,2025-04-17,19:25:22,-07:00,2025-04-17T19:25:22-07:00,0,7
global.js,58,js,c7e19ed7,Kate Feng,2025-04-18,15:44:55,-07:00,2025-04-18T15:44:55-07:00,0,44
global.js,59,js,2408ed30,Kate Feng,2025-04-17,19:25:22,-07:00,2025-04-17T19:25:22-07:00,0,35
global.js,60,js,2408ed30,Kate Feng,2025-04-17,19:25:22,-07:00,2025-04-17T19:25:22-07:00,0,33
global.js,61,js,2408ed30,Kate Feng,2025-04-17,19:25:22,-07:00,2025-04-17T19:25:22-07:00,0,8
global.js,62,js,2408ed30,Kate Feng,2025-04-17,19:25:22,-07:00,2025-04-17T19:25:22-07:00,0,9
global.js,63,js,2408ed30,Kate Feng,2025-04-17,19:25:22,-07:00,2025-04-17T19:25:22-07:00,0,1
global.js,64,js,2408ed30,Kate Feng,2025-04-17,19:25:22,-07:00,2025-04-17T19:25:22-07:00,0,0
global.js,65,js,2408ed30,Kate Feng,2025-04-17,19:25:22,-07:00,2025-04-17T19:25:22-07:00,0,64
global.js,66,js,2408ed30,Kate Feng,2025-04-17,19:25:22,-07:00,2025-04-17T19:25:22-07:00,0,0
global.js,67,js,2408ed30,Kate Feng,2025-04-17,19:25:22,-07:00,2025-04-17T19:25:22-07:00,0,35
global.js,68,js,2408ed30,Kate Feng,2025-04-17,19:25:22,-07:00,2025-04-17T19:25:22-07:00,0,39
global.js,69,js,2408ed30,Kate Feng,2025-04-17,19:25:22,-07:00,2025-04-17T19:25:22-07:00,0,40
global.js,70,js,29e2ba56,Kate Feng,2025-04-18,15:30:41,-07:00,2025-04-18T15:30:41-07:00,0,7
global.js,71,js,29e2ba56,Kate Feng,2025-04-18,15:30:41,-07:00,2025-04-18T15:30:41-07:00,0,56
global.js,72,js,29e2ba56,Kate Feng,2025-04-18,15:30:41,-07:00,2025-04-18T15:30:41-07:00,0,21
global.js,73,js,29e2ba56,Kate Feng,2025-04-18,15:30:41,-07:00,2025-04-18T15:30:41-07:00,0,22
global.js,74,js,29e2ba56,Kate Feng,2025-04-18,15:30:41,-07:00,2025-04-18T15:30:41-07:00,0,7
global.js,75,js,29e2ba56,Kate Feng,2025-04-18,15:30:41,-07:00,2025-04-18T15:30:41-07:00,0,22
global.js,76,js,29e2ba56,Kate Feng,2025-04-18,15:30:41,-07:00,2025-04-18T15:30:41-07:00,0,23
global.js,77,js,29e2ba56,Kate Feng,2025-04-18,15:30:41,-07:00,2025-04-18T15:30:41-07:00,0,0
global.js,78,js,2408ed30,Kate Feng,2025-04-17,19:25:22,-07:00,2025-04-17T19:25:22-07:00,0,0
global.js,79,js,2408ed30,Kate Feng,2025-04-17,19:25:22,-07:00,2025-04-17T19:25:22-07:00,0,0
global.js,80,js,2408ed30,Kate Feng,2025-04-17,19:25:22,-07:00,2025-04-17T19:25:22-07:00,0,50
global.js,81,js,2408ed30,Kate Feng,2025-04-17,19:25:22,-07:00,2025-04-17T19:25:22-07:00,0,58
global.js,82,js,2408ed30,Kate Feng,2025-04-17,19:25:22,-07:00,2025-04-17T19:25:22-07:00,0,34
global.js,83,js,2408ed30,Kate Feng,2025-04-17,19:25:22,-07:00,2025-04-17T19:25:22-07:00,0,45
global.js,84,js,2408ed30,Kate Feng,2025-04-17,19:25:22,-07:00,2025-04-17T19:25:22-07:00,0,2
global.js,85,js,2408ed30,Kate Feng,2025-04-17,19:25:22,-07:00,2025-04-17T19:25:22-07:00,0,0
global.js,86,js,2408ed30,Kate Feng,2025-04-17,19:25:22,-07:00,2025-04-17T19:25:22-07:00,0,41
global.js,87,js,2408ed30,Kate Feng,2025-04-17,19:25:22,-07:00,2025-04-17T19:25:22-07:00,0,0
global.js,88,js,2408ed30,Kate Feng,2025-04-17,19:25:22,-07:00,2025-04-17T19:25:22-07:00,0,49
global.js,89,js,2408ed30,Kate Feng,2025-04-17,19:25:22,-07:00,2025-04-17T19:25:22-07:00,0,22
global.js,90,js,2408ed30,Kate Feng,2025-04-17,19:25:22,-07:00,2025-04-17T19:25:22-07:00,0,0
global.js,91,js,2408ed30,Kate Feng,2025-04-17,19:25:22,-07:00,2025-04-17T19:25:22-07:00,0,29
global.js,92,js,2408ed30,Kate Feng,2025-04-17,19:25:22,-07:00,2025-04-17T19:25:22-07:00,0,15
global.js,93,js,2408ed30,Kate Feng,2025-04-17,19:25:22,-07:00,2025-04-17T19:25:22-07:00,0,0
global.js,94,js,2408ed30,Kate Feng,2025-04-17,19:25:22,-07:00,2025-04-17T19:25:22-07:00,0,32
global.js,95,js,2408ed30,Kate Feng,2025-04-17,19:25:22,-07:00,2025-04-17T19:25:22-07:00,0,51
global.js,96,js,2408ed30,Kate Feng,2025-04-17,19:25:22,-07:00,2025-04-17T19:25:22-07:00,0,0
global.js,97,js,2408ed30,Kate Feng,2025-04-17,19:25:22,-07:00,2025-04-17T19:25:22-07:00,0,0
global.js,98,js,2408ed30,Kate Feng,2025-04-17,19:25:22,-07:00,2025-04-17T19:25:22-07:00,0,46
global.js,99,js,2408ed30,Kate Feng,2025-04-17,19:25:22,-07:00,2025-04-17T19:25:22-07:00,0,19
global.js,100,js,25c9ff48,Kate Feng,2025-04-25,12:25:35,-07:00,2025-04-25T12:25:35-07:00,0,1
global.js,101,js,25c9ff48,Kate Feng,2025-04-25,12:25:35,-07:00,2025-04-25T12:25:35-07:00,0,0
global.js,102,js,25c9ff48,Kate Feng,2025-04-25,12:25:35,-07:00,2025-04-25T12:25:35-07:00,0,15
global.js,103,js,25c9ff48,Kate Feng,2025-04-25,12:25:35,-07:00,2025-04-25T12:25:35-07:00,0,0
global.js,104,js,25c9ff48,Kate Feng,2025-04-25,12:25:35,-07:00,2025-04-25T12:25:35-07:00,0,37
global.js,105,js,25c9ff48,Kate Feng,2025-04-25,12:25:35,-07:00,2025-04-25T12:25:35-07:00,0,4
global.js,106,js,25c9ff48,Kate Feng,2025-04-25,12:25:35,-07:00,2025-04-25T12:25:35-07:00,0,33
global.js,107,js,25c9ff48,Kate Feng,2025-04-25,12:25:35,-07:00,2025-04-25T12:25:35-07:00,0,21
global.js,108,js,25c9ff48,Kate Feng,2025-04-25,12:25:35,-07:00,2025-04-25T12:25:35-07:00,0,0
global.js,109,js,25c9ff48,Kate Feng,2025-04-25,12:25:35,-07:00,2025-04-25T12:25:35-07:00,0,18
global.js,110,js,25c9ff48,Kate Feng,2025-04-25,12:25:35,-07:00,2025-04-25T12:25:35-07:00,0,67
global.js,111,js,25c9ff48,Kate Feng,2025-04-25,12:25:35,-07:00,2025-04-25T12:25:35-07:00,0,0
global.js,112,js,25c9ff48,Kate Feng,2025-04-25,12:25:35,-07:00,2025-04-25T12:25:35-07:00,0,34
global.js,113,js,25c9ff48,Kate Feng,2025-04-25,12:25:35,-07:00,2025-04-25T12:25:35-07:00,0,43
global.js,114,js,25c9ff48,Kate Feng,2025-04-25,12:25:35,-07:00,2025-04-25T12:25:35-07:00,0,11
global.js,115,js,25c9ff48,Kate Feng,2025-04-25,12:25:35,-07:00,2025-04-25T12:25:35-07:00,0,0
global.js,116,js,25c9ff48,Kate Feng,2025-04-25,12:25:35,-07:00,2025-04-25T12:25:35-07:00,0,16
global.js,117,js,25c9ff48,Kate Feng,2025-04-25,12:25:35,-07:00,2025-04-25T12:25:35-07:00,0,60
global.js,118,js,25c9ff48,Kate Feng,2025-04-25,12:25:35,-07:00,2025-04-25T12:25:35-07:00,0,0
global.js,119,js,25c9ff48,Kate Feng,2025-04-25,12:25:35,-07:00,2025-04-25T12:25:35-07:00,0,0
global.js,120,js,25c9ff48,Kate Feng,2025-04-25,12:25:35,-07:00,2025-04-25T12:25:35-07:00,0,0
global.js,121,js,25c9ff48,Kate Feng,2025-04-25,12:25:35,-07:00,2025-04-25T12:25:35-07:00,0,80
global.js,122,js,25c9ff48,Kate Feng,2025-04-25,12:25:35,-07:00,2025-04-25T12:25:35-07:00,0,31
global.js,123,js,25c9ff48,Kate Feng,2025-04-25,12:25:35,-07:00,2025-04-25T12:25:35-07:00,0,58
global.js,124,js,25c9ff48,Kate Feng,2025-04-25,12:25:35,-07:00,2025-04-25T12:25:35-07:00,0,0
global.js,125,js,25c9ff48,Kate Feng,2025-04-25,12:25:35,-07:00,2025-04-25T12:25:35-07:00,0,43
global.js,126,js,25c9ff48,Kate Feng,2025-04-25,12:25:35,-07:00,2025-04-25T12:25:35-07:00,0,82
global.js,127,js,25c9ff48,Kate Feng,2025-04-25,12:25:35,-07:00,2025-04-25T12:25:35-07:00,0,19
global.js,128,js,25c9ff48,Kate Feng,2025-04-25,12:25:35,-07:00,2025-04-25T12:25:35-07:00,0,0
global.js,129,js,25c9ff48,Kate Feng,2025-04-25,12:25:35,-07:00,2025-04-25T12:25:35-07:00,0,0
global.js,130,js,25c9ff48,Kate Feng,2025-04-25,12:25:35,-07:00,2025-04-25T12:25:35-07:00,0,32
global.js,131,js,25c9ff48,Kate Feng,2025-04-25,12:25:35,-07:00,2025-04-25T12:25:35-07:00,0,49
global.js,132,js,25c9ff48,Kate Feng,2025-04-25,12:25:35,-07:00,2025-04-25T12:25:35-07:00,0,0
global.js,133,js,25c9ff48,Kate Feng,2025-04-25,12:25:35,-07:00,2025-04-25T12:25:35-07:00,0,40
global.js,134,js,25c9ff48,Kate Feng,2025-04-25,12:25:35,-07:00,2025-04-25T12:25:35-07:00,0,31
global.js,135,js,25c9ff48,Kate Feng,2025-04-25,12:25:35,-07:00,2025-04-25T12:25:35-07:00,0,22
global.js,136,js,25c9ff48,Kate Feng,2025-04-25,12:25:35,-07:00,2025-04-25T12:25:35-07:00,0,32
global.js,137,js,25c9ff48,Kate Feng,2025-04-25,12:25:35,-07:00,2025-04-25T12:25:35-07:00,0,34
global.js,138,js,25c9ff48,Kate Feng,2025-04-25,12:25:35,-07:00,2025-04-25T12:25:35-07:00,0,0
global.js,139,js,25c9ff48,Kate Feng,2025-04-25,12:25:35,-07:00,2025-04-25T12:25:35-07:00,0,52
global.js,140,js,25c9ff48,Kate Feng,2025-04-25,12:25:35,-07:00,2025-04-25T12:25:35-07:00,0,35
global.js,141,js,25c9ff48,Kate Feng,2025-04-25,12:25:35,-07:00,2025-04-25T12:25:35-07:00,0,0
global.js,142,js,25c9ff48,Kate Feng,2025-04-25,12:25:35,-07:00,2025-04-25T12:25:35-07:00,0,41
global.js,143,js,25c9ff48,Kate Feng,2025-04-25,12:25:35,-07:00,2025-04-25T12:25:35-07:00,0,23
global.js,144,js,25c9ff48,Kate Feng,2025-04-25,12:25:35,-07:00,2025-04-25T12:25:35-07:00,0,23
global.js,145,js,25c9ff48,Kate Feng,2025-04-25,12:25:35,-07:00,2025-04-25T12:25:35-07:00,0,20
global.js,146,js,25c9ff48,Kate Feng,2025-04-25,12:25:35,-07:00,2025-04-25T12:25:35-07:00,0,61
global.js,147,js,df39ab40,Kate Feng,2025-04-25,12:33:05,-07:00,2025-04-25T12:33:05-07:00,0,101
global.js,148,js,25c9ff48,Kate Feng,2025-04-25,12:25:35,-07:00,2025-04-25T12:25:35-07:00,0,1
global.js,149,js,25c9ff48,Kate Feng,2025-04-25,12:25:35,-07:00,2025-04-25T12:25:35-07:00,0,0
global.js,150,js,3d52ce47,Kate Feng,2025-05-02,11:42:25,-07:00,2025-05-02T11:42:25-07:00,0,49
global.js,151,js,3d52ce47,Kate Feng,2025-05-02,11:42:25,-07:00,2025-05-02T11:42:25-07:00,0,41
global.js,152,js,3d52ce47,Kate Feng,2025-05-02,11:42:25,-07:00,2025-05-02T11:42:25-07:00,0,0
global.js,153,js,25c9ff48,Kate Feng,2025-04-25,12:25:35,-07:00,2025-04-25T12:25:35-07:00,0,47
global.js,154,js,25c9ff48,Kate Feng,2025-04-25,12:25:35,-07:00,2025-04-25T12:25:35-07:00,0,45
global.js,155,js,3d52ce47,Kate Feng,2025-05-02,11:42:25,-07:00,2025-05-02T11:42:25-07:00,0,0
global.js,156,js,3d52ce47,Kate Feng,2025-05-02,11:42:25,-07:00,2025-05-02T11:42:25-07:00,0,40
global.js,157,js,3d52ce47,Kate Feng,2025-05-02,11:42:25,-07:00,2025-05-02T11:42:25-07:00,0,42
global.js,158,js,3d52ce47,Kate Feng,2025-05-02,11:42:25,-07:00,2025-05-02T11:42:25-07:00,0,34
global.js,159,js,3d52ce47,Kate Feng,2025-05-02,11:42:25,-07:00,2025-05-02T11:42:25-07:00,0,0
global.js,160,js,3d52ce47,Kate Feng,2025-05-02,11:42:25,-07:00,2025-05-02T11:42:25-07:00,0,36
global.js,161,js,3d52ce47,Kate Feng,2025-05-02,11:42:25,-07:00,2025-05-02T11:42:25-07:00,0,29
global.js,162,js,3d52ce47,Kate Feng,2025-05-02,11:42:25,-07:00,2025-05-02T11:42:25-07:00,0,0
global.js,163,js,3d52ce47,Kate Feng,2025-05-02,11:42:25,-07:00,2025-05-02T11:42:25-07:00,0,36
global.js,164,js,25c9ff48,Kate Feng,2025-04-25,12:25:35,-07:00,2025-04-25T12:25:35-07:00,0,25
global.js,165,js,25c9ff48,Kate Feng,2025-04-25,12:25:35,-07:00,2025-04-25T12:25:35-07:00,0,21
global.js,166,js,3d52ce47,Kate Feng,2025-05-02,11:42:25,-07:00,2025-05-02T11:42:25-07:00,0,29
global.js,167,js,3d52ce47,Kate Feng,2025-05-02,11:42:25,-07:00,2025-05-02T11:42:25-07:00,0,0
global.js,168,js,25c9ff48,Kate Feng,2025-04-25,12:25:35,-07:00,2025-04-25T12:25:35-07:00,0,25
global.js,169,js,25c9ff48,Kate Feng,2025-04-25,12:25:35,-07:00,2025-04-25T12:25:35-07:00,0,37
global.js,170,js,25c9ff48,Kate Feng,2025-04-25,12:25:35,-07:00,2025-04-25T12:25:35-07:00,0,0
global.js,171,js,25c9ff48,Kate Feng,2025-04-25,12:25:35,-07:00,2025-04-25T12:25:35-07:00,0,0
global.js,172,js,25c9ff48,Kate Feng,2025-04-25,12:25:35,-07:00,2025-04-25T12:25:35-07:00,0,0
global.js,173,js,25c9ff48,Kate Feng,2025-04-25,12:25:35,-07:00,2025-04-25T12:25:35-07:00,0,0
global.js,174,js,25c9ff48,Kate Feng,2025-04-25,12:25:35,-07:00,2025-04-25T12:25:35-07:00,0,48
global.js,175,js,df39ab40,Kate Feng,2025-04-25,12:33:05,-07:00,2025-04-25T12:33:05-07:00,0,4
global.js,176,js,df39ab40,Kate Feng,2025-04-25,12:33:05,-07:00,2025-04-25T12:33:05-07:00,0,67
global.js,177,js,df39ab40,Kate Feng,2025-04-25,12:33:05,-07:00,2025-04-25T12:33:05-07:00,0,13
global.js,178,js,df39ab40,Kate Feng,2025-04-25,12:33:05,-07:00,2025-04-25T12:33:05-07:00,0,50
global.js,179,js,df39ab40,Kate Feng,2025-04-25,12:33:05,-07:00,2025-04-25T12:33:05-07:00,0,0
global.js,180,js,df39ab40,Kate Feng,2025-04-25,12:33:05,-07:00,2025-04-25T12:33:05-07:00,0,23
global.js,181,js,df39ab40,Kate Feng,2025-04-25,12:33:05,-07:00,2025-04-25T12:33:05-07:00,0,14
global.js,182,js,df39ab40,Kate Feng,2025-04-25,12:33:05,-07:00,2025-04-25T12:33:05-07:00,0,50
global.js,183,js,df39ab40,Kate Feng,2025-04-25,12:33:05,-07:00,2025-04-25T12:33:05-07:00,0,11
global.js,184,js,df39ab40,Kate Feng,2025-04-25,12:33:05,-07:00,2025-04-25T12:33:05-07:00,0,0
global.js,185,js,25c9ff48,Kate Feng,2025-04-25,12:25:35,-07:00,2025-04-25T12:25:35-07:00,0,0
projects/projects.js,1,js,3d52ce47,Kate Feng,2025-05-02,11:42:25,-07:00,2025-05-02T11:42:25-07:00,0,64
projects/projects.js,2,js,3d52ce47,Kate Feng,2025-05-02,11:42:25,-07:00,2025-05-02T11:42:25-07:00,0,0
projects/projects.js,3,js,df39ab40,Kate Feng,2025-04-25,12:33:05,-07:00,2025-04-25T12:33:05-07:00,0,89
projects/projects.js,4,js,df39ab40,Kate Feng,2025-04-25,12:33:05,-07:00,2025-04-25T12:33:05-07:00,0,39
projects/projects.js,5,js,957e3398,Kate Feng,2025-04-25,15:16:58,-07:00,2025-04-25T15:16:58-07:00,0,76
projects/projects.js,6,js,957e3398,Kate Feng,2025-04-25,15:16:58,-07:00,2025-04-25T15:16:58-07:00,0,0
projects/projects.js,7,js,957e3398,Kate Feng,2025-04-25,15:16:58,-07:00,2025-04-25T15:16:58-07:00,0,56
projects/projects.js,8,js,df39ab40,Kate Feng,2025-04-25,12:33:05,-07:00,2025-04-25T12:33:05-07:00,0,0
projects/projects.js,9,js,3b8d1e0f,Kate Feng,2025-04-25,14:04:23,-07:00,2025-04-25T14:04:23-07:00,0,65
projects/projects.js,10,js,25c9ff48,Kate Feng,2025-04-25,12:25:35,-07:00,2025-04-25T12:25:35-07:00,0,0
projects/projects.js,11,js,25c9ff48,Kate Feng,2025-04-25,12:25:35,-07:00,2025-04-25T12:25:35-07:00,0,61
projects/projects.js,12,js,25c9ff48,Kate Feng,2025-04-25,12:25:35,-07:00,2025-04-25T12:25:35-07:00,0,63
projects/projects.js,13,js,25c9ff48,Kate Feng,2025-04-25,12:25:35,-07:00,2025-04-25T12:25:35-07:00,0,0
projects/projects.js,14,js,25c9ff48,Kate Feng,2025-04-25,12:25:35,-07:00,2025-04-25T12:25:35-07:00,0,31
projects/projects.js,15,js,25c9ff48,Kate Feng,2025-04-25,12:25:35,-07:00,2025-04-25T12:25:35-07:00,0,57
projects/projects.js,16,js,25c9ff48,Kate Feng,2025-04-25,12:25:35,-07:00,2025-04-25T12:25:35-07:00,0,0
projects/projects.js,17,js,25c9ff48,Kate Feng,2025-04-25,12:25:35,-07:00,2025-04-25T12:25:35-07:00,0,0
projects/projects.js,18,js,3d52ce47,Kate Feng,2025-05-02,11:42:25,-07:00,2025-05-02T11:42:25-07:00,0,49
projects/projects.js,19,js,3d52ce47,Kate Feng,2025-05-02,11:42:25,-07:00,2025-05-02T11:42:25-07:00,0,0
projects/projects.js,20,js,3d52ce47,Kate Feng,2025-05-02,11:42:25,-07:00,2025-05-02T11:42:25-07:00,0,0
projects/projects.js,21,js,3d52ce47,Kate Feng,2025-05-02,11:42:25,-07:00,2025-05-02T11:42:25-07:00,0,32
projects/projects.js,22,js,3d52ce47,Kate Feng,2025-05-02,11:42:25,-07:00,2025-05-02T11:42:25-07:00,0,0
projects/projects.js,23,js,3d52ce47,Kate Feng,2025-05-02,11:42:25,-07:00,2025-05-02T11:42:25-07:00,0,56
projects/projects.js,24,js,3d52ce47,Kate Feng,2025-05-02,11:42:25,-07:00,2025-05-02T11:42:25-07:00,0,0
projects/projects.js,25,js,3d52ce47,Kate Feng,2025-05-02,11:42:25,-07:00,2025-05-02T11:42:25-07:00,0,20
projects/projects.js,26,js,3d52ce47,Kate Feng,2025-05-02,11:42:25,-07:00,2025-05-02T11:42:25-07:00,0,0
projects/projects.js,27,js,3d52ce47,Kate Feng,2025-05-02,11:42:25,-07:00,2025-05-02T11:42:25-07:00,0,50
projects/projects.js,28,js,3d52ce47,Kate Feng,2025-05-02,11:42:25,-07:00,2025-05-02T11:42:25-07:00,0,74
projects/projects.js,29,js,3d52ce47,Kate Feng,2025-05-02,11:42:25,-07:00,2025-05-02T11:42:25-07:00,0,52
projects/projects.js,30,js,3d52ce47,Kate Feng,2025-05-02,11:42:25,-07:00,2025-05-02T11:42:25-07:00,0,67
projects/projects.js,31,js,3d52ce47,Kate Feng,2025-05-02,11:42:25,-07:00,2025-05-02T11:42:25-07:00,0,1
projects/projects.js,32,js,3d52ce47,Kate Feng,2025-05-02,11:42:25,-07:00,2025-05-02T11:42:25-07:00,0,0
projects/projects.js,33,js,3d52ce47,Kate Feng,2025-05-02,11:42:25,-07:00,2025-05-02T11:42:25-07:00,0,57
projects/projects.js,34,js,3d52ce47,Kate Feng,2025-05-02,11:42:25,-07:00,2025-05-02T11:42:25-07:00,0,88
projects/projects.js,35,js,3d52ce47,Kate Feng,2025-05-02,11:42:25,-07:00,2025-05-02T11:42:25-07:00,0,2
projects/projects.js,36,js,3d52ce47,Kate Feng,2025-05-02,11:42:25,-07:00,2025-05-02T11:42:25-07:00,0,0
projects/projects.js,37,js,3d52ce47,Kate Feng,2025-05-02,11:42:25,-07:00,2025-05-02T11:42:25-07:00,0,39
projects/projects.js,38,js,3d52ce47,Kate Feng,2025-05-02,11:42:25,-07:00,2025-05-02T11:42:25-07:00,0,26
projects/projects.js,39,js,3d52ce47,Kate Feng,2025-05-02,11:42:25,-07:00,2025-05-02T11:42:25-07:00,0,30
projects/projects.js,40,js,3d52ce47,Kate Feng,2025-05-02,11:42:25,-07:00,2025-05-02T11:42:25-07:00,0,45
projects/projects.js,41,js,3d52ce47,Kate Feng,2025-05-02,11:42:25,-07:00,2025-05-02T11:42:25-07:00,0,0
projects/projects.js,42,js,d7baf4f0,Kate Feng,2025-05-02,15:15:49,-07:00,2025-05-02T15:15:49-07:00,0,45
projects/projects.js,43,js,3d52ce47,Kate Feng,2025-05-02,11:42:25,-07:00,2025-05-02T11:42:25-07:00,0,0
projects/projects.js,44,js,3d52ce47,Kate Feng,2025-05-02,11:42:25,-07:00,2025-05-02T11:42:25-07:00,0,27
projects/projects.js,45,js,3d52ce47,Kate Feng,2025-05-02,11:42:25,-07:00,2025-05-02T11:42:25-07:00,0,13
projects/projects.js,46,js,3d52ce47,Kate Feng,2025-05-02,11:42:25,-07:00,2025-05-02T11:42:25-07:00,0,15
projects/projects.js,47,js,3d52ce47,Kate Feng,2025-05-02,11:42:25,-07:00,2025-05-02T11:42:25-07:00,0,13
projects/projects.js,48,js,3d52ce47,Kate Feng,2025-05-02,11:42:25,-07:00,2025-05-02T11:42:25-07:00,0,1
projects/projects.js,49,js,3d52ce47,Kate Feng,2025-05-02,11:42:25,-07:00,2025-05-02T11:42:25-07:00,0,0
projects/projects.js,50,js,3d52ce47,Kate Feng,2025-05-02,11:42:25,-07:00,2025-05-02T11:42:25-07:00,0,45
projects/projects.js,51,js,3d52ce47,Kate Feng,2025-05-02,11:42:25,-07:00,2025-05-02T11:42:25-07:00,0,7
projects/projects.js,52,js,3d52ce47,Kate Feng,2025-05-02,11:42:25,-07:00,2025-05-02T11:42:25-07:00,0,12
projects/projects.js,53,js,3d52ce47,Kate Feng,2025-05-02,11:42:25,-07:00,2025-05-02T11:42:25-07:00,0,10
projects/projects.js,54,js,3d52ce47,Kate Feng,2025-05-02,11:42:25,-07:00,2025-05-02T11:42:25-07:00,0,1
projects/projects.js,55,js,3d52ce47,Kate Feng,2025-05-02,11:42:25,-07:00,2025-05-02T11:42:25-07:00,0,2
projects/projects.js,56,js,3d52ce47,Kate Feng,2025-05-02,11:42:25,-07:00,2025-05-02T11:42:25-07:00,0,0
projects/projects.js,57,js,3d52ce47,Kate Feng,2025-05-02,11:42:25,-07:00,2025-05-02T11:42:25-07:00,0,49
projects/projects.js,58,js,3d52ce47,Kate Feng,2025-05-02,11:42:25,-07:00,2025-05-02T11:42:25-07:00,0,34
projects/projects.js,59,js,3d52ce47,Kate Feng,2025-05-02,11:42:25,-07:00,2025-05-02T11:42:25-07:00,0,0
projects/projects.js,60,js,3d52ce47,Kate Feng,2025-05-02,11:42:25,-07:00,2025-05-02T11:42:25-07:00,0,50
projects/projects.js,61,js,3d52ce47,Kate Feng,2025-05-02,11:42:25,-07:00,2025-05-02T11:42:25-07:00,0,34
projects/projects.js,62,js,3d52ce47,Kate Feng,2025-05-02,11:42:25,-07:00,2025-05-02T11:42:25-07:00,0,0
projects/projects.js,63,js,3d52ce47,Kate Feng,2025-05-02,11:42:25,-07:00,2025-05-02T11:42:25-07:00,0,22
projects/projects.js,64,js,3d52ce47,Kate Feng,2025-05-02,11:42:25,-07:00,2025-05-02T11:42:25-07:00,0,41
projects/projects.js,65,js,3d52ce47,Kate Feng,2025-05-02,11:42:25,-07:00,2025-05-02T11:42:25-07:00,0,0
projects/projects.js,66,js,3d52ce47,Kate Feng,2025-05-02,11:42:25,-07:00,2025-05-02T11:42:25-07:00,0,22
projects/projects.js,67,js,3d52ce47,Kate Feng,2025-05-02,11:42:25,-07:00,2025-05-02T11:42:25-07:00,0,0
projects/projects.js,68,js,3d52ce47,Kate Feng,2025-05-02,11:42:25,-07:00,2025-05-02T11:42:25-07:00,0,33
projects/projects.js,69,js,3d52ce47,Kate Feng,2025-05-02,11:42:25,-07:00,2025-05-02T11:42:25-07:00,0,25
projects/projects.js,70,js,3d52ce47,Kate Feng,2025-05-02,11:42:25,-07:00,2025-05-02T11:42:25-07:00,0,5
projects/projects.js,71,js,3d52ce47,Kate Feng,2025-05-02,11:42:25,-07:00,2025-05-02T11:42:25-07:00,0,12
projects/projects.js,72,js,3d52ce47,Kate Feng,2025-05-02,11:42:25,-07:00,2025-05-02T11:42:25-07:00,0,39
projects/projects.js,73,js,3d52ce47,Kate Feng,2025-05-02,11:42:25,-07:00,2025-05-02T11:42:25-07:00,0,30
projects/projects.js,74,js,3d52ce47,Kate Feng,2025-05-02,11:42:25,-07:00,2025-05-02T11:42:25-07:00,0,70
projects/projects.js,75,js,3d52ce47,Kate Feng,2025-05-02,11:42:25,-07:00,2025-05-02T11:42:25-07:00,0,2
projects/projects.js,76,js,3d52ce47,Kate Feng,2025-05-02,11:42:25,-07:00,2025-05-02T11:42:25-07:00,0,0
projects/projects.js,77,js,3d52ce47,Kate Feng,2025-05-02,11:42:25,-07:00,2025-05-02T11:42:25-07:00,0,35
projects/projects.js,78,js,3d52ce47,Kate Feng,2025-05-02,11:42:25,-07:00,2025-05-02T11:42:25-07:00,0,15
projects/projects.js,79,js,3d52ce47,Kate Feng,2025-05-02,11:42:25,-07:00,2025-05-02T11:42:25-07:00,0,24
projects/projects.js,80,js,3d52ce47,Kate Feng,2025-05-02,11:42:25,-07:00,2025-05-02T11:42:25-07:00,0,25
projects/projects.js,81,js,3d52ce47,Kate Feng,2025-05-02,11:42:25,-07:00,2025-05-02T11:42:25-07:00,0,19
projects/projects.js,82,js,3d52ce47,Kate Feng,2025-05-02,11:42:25,-07:00,2025-05-02T11:42:25-07:00,0,48
projects/projects.js,83,js,3d52ce47,Kate Feng,2025-05-02,11:42:25,-07:00,2025-05-02T11:42:25-07:00,0,0
projects/projects.js,84,js,3d52ce47,Kate Feng,2025-05-02,11:42:25,-07:00,2025-05-02T11:42:25-07:00,0,92
projects/projects.js,85,js,3d52ce47,Kate Feng,2025-05-02,11:42:25,-07:00,2025-05-02T11:42:25-07:00,0,0
projects/projects.js,86,js,3d52ce47,Kate Feng,2025-05-02,11:42:25,-07:00,2025-05-02T11:42:25-07:00,0,19
projects/projects.js,87,js,3d52ce47,Kate Feng,2025-05-02,11:42:25,-07:00,2025-05-02T11:42:25-07:00,0,17
projects/projects.js,88,js,3d52ce47,Kate Feng,2025-05-02,11:42:25,-07:00,2025-05-02T11:42:25-07:00,0,26
projects/projects.js,89,js,3d52ce47,Kate Feng,2025-05-02,11:42:25,-07:00,2025-05-02T11:42:25-07:00,0,34
projects/projects.js,90,js,3d52ce47,Kate Feng,2025-05-02,11:42:25,-07:00,2025-05-02T11:42:25-07:00,0,0
projects/projects.js,91,js,3d52ce47,Kate Feng,2025-05-02,11:42:25,-07:00,2025-05-02T11:42:25-07:00,0,25
projects/projects.js,92,js,3d52ce47,Kate Feng,2025-05-02,11:42:25,-07:00,2025-05-02T11:42:25-07:00,0,27
projects/projects.js,93,js,3d52ce47,Kate Feng,2025-05-02,11:42:25,-07:00,2025-05-02T11:42:25-07:00,0,0
projects/projects.js,94,js,80082082,Kate Feng,2025-05-02,15:46:34,-07:00,2025-05-02T15:46:34-07:00,0,26
projects/projects.js,95,js,80082082,Kate Feng,2025-05-02,15:46:34,-07:00,2025-05-02T15:46:34-07:00,0,51
projects/projects.js,96,js,80082082,Kate Feng,2025-05-02,15:46:34,-07:00,2025-05-02T15:46:34-07:00,0,22
projects/projects.js,97,js,80082082,Kate Feng,2025-05-02,15:46:34,-07:00,2025-05-02T15:46:34-07:00,0,25
projects/projects.js,98,js,80082082,Kate Feng,2025-05-02,15:46:34,-07:00,2025-05-02T15:46:34-07:00,0,19
projects/projects.js,99,js,3d52ce47,Kate Feng,2025-05-02,11:42:25,-07:00,2025-05-02T11:42:25-07:00,0,0
projects/projects.js,100,js,80082082,Kate Feng,2025-05-02,15:46:34,-07:00,2025-05-02T15:46:34-07:00,0,26
projects/projects.js,101,js,80082082,Kate Feng,2025-05-02,15:46:34,-07:00,2025-05-02T15:46:34-07:00,0,26
projects/projects.js,102,js,80082082,Kate Feng,2025-05-02,15:46:34,-07:00,2025-05-02T15:46:34-07:00,0,0
projects/projects.js,103,js,80082082,Kate Feng,2025-05-02,15:46:34,-07:00,2025-05-02T15:46:34-07:00,0,33
projects/projects.js,104,js,80082082,Kate Feng,2025-05-02,15:46:34,-07:00,2025-05-02T15:46:34-07:00,0,46
projects/projects.js,105,js,80082082,Kate Feng,2025-05-02,15:46:34,-07:00,2025-05-02T15:46:34-07:00,0,50
projects/projects.js,106,js,80082082,Kate Feng,2025-05-02,15:46:34,-07:00,2025-05-02T15:46:34-07:00,0,31
projects/projects.js,107,js,80082082,Kate Feng,2025-05-02,15:46:34,-07:00,2025-05-02T15:46:34-07:00,0,67
projects/projects.js,108,js,80082082,Kate Feng,2025-05-02,15:46:34,-07:00,2025-05-02T15:46:34-07:00,0,1
projects/projects.js,109,js,80082082,Kate Feng,2025-05-02,15:46:34,-07:00,2025-05-02T15:46:34-07:00,0,57
projects/projects.js,110,js,80082082,Kate Feng,2025-05-02,15:46:34,-07:00,2025-05-02T15:46:34-07:00,0,7
projects/projects.js,111,js,80082082,Kate Feng,2025-05-02,15:46:34,-07:00,2025-05-02T15:46:34-07:00,0,62
projects/projects.js,112,js,80082082,Kate Feng,2025-05-02,15:46:34,-07:00,2025-05-02T15:46:34-07:00,0,24
projects/projects.js,113,js,80082082,Kate Feng,2025-05-02,15:46:34,-07:00,2025-05-02T15:46:34-07:00,0,49
projects/projects.js,114,js,80082082,Kate Feng,2025-05-02,15:46:34,-07:00,2025-05-02T15:46:34-07:00,0,7
projects/projects.js,115,js,80082082,Kate Feng,2025-05-02,15:46:34,-07:00,2025-05-02T15:46:34-07:00,0,36
projects/projects.js,116,js,80082082,Kate Feng,2025-05-02,15:46:34,-07:00,2025-05-02T15:46:34-07:00,0,49
projects/projects.js,117,js,80082082,Kate Feng,2025-05-02,15:46:34,-07:00,2025-05-02T15:46:34-07:00,0,67
projects/projects.js,118,js,80082082,Kate Feng,2025-05-02,15:46:34,-07:00,2025-05-02T15:46:34-07:00,0,1
projects/projects.js,119,js,80082082,Kate Feng,2025-05-02,15:46:34,-07:00,2025-05-02T15:46:34-07:00,0,56
projects/projects.js,120,js,80082082,Kate Feng,2025-05-02,15:46:34,-07:00,2025-05-02T15:46:34-07:00,0,0
projects/projects.js,121,js,80082082,Kate Feng,2025-05-02,15:46:34,-07:00,2025-05-02T15:46:34-07:00,0,0
projects/projects.js,122,js,3d52ce47,Kate Feng,2025-05-02,11:42:25,-07:00,2025-05-02T11:42:25-07:00,0,2
projects/projects.js,123,js,80082082,Kate Feng,2025-05-02,15:46:34,-07:00,2025-05-02T15:46:34-07:00,0,2
projects/projects.js,124,js,3d52ce47,Kate Feng,2025-05-02,11:42:25,-07:00,2025-05-02T11:42:25-07:00,0,0
projects/projects.js,125,js,3d52ce47,Kate Feng,2025-05-02,11:42:25,-07:00,2025-05-02T11:42:25-07:00,0,0
projects/projects.js,126,js,3d52ce47,Kate Feng,2025-05-02,11:42:25,-07:00,2025-05-02T11:42:25-07:00,0,24
projects/projects.js,127,js,3d52ce47,Kate Feng,2025-05-02,11:42:25,-07:00,2025-05-02T11:42:25-07:00,0,0
projects/index.html,1,html,161892e6,Kate Feng,2025-04-04,12:29:17,-07:00,2025-04-04T12:29:17-07:00,0,14
projects/index.html,2,html,161892e6,Kate Feng,2025-04-04,12:29:17,-07:00,2025-04-04T12:29:17-07:00,0,15
projects/index.html,3,html,161892e6,Kate Feng,2025-04-04,12:29:17,-07:00,2025-04-04T12:29:17-07:00,0,5
projects/index.html,4,html,161892e6,Kate Feng,2025-04-04,12:29:17,-07:00,2025-04-04T12:29:17-07:00,0,21
projects/index.html,5,html,161892e6,Kate Feng,2025-04-04,12:29:17,-07:00,2025-04-04T12:29:17-07:00,0,69
projects/index.html,6,html,2e319f63,Kate Feng,2025-04-04,16:19:42,-07:00,2025-04-04T16:19:42-07:00,0,22
projects/index.html,7,html,161892e6,Kate Feng,2025-04-04,12:29:17,-07:00,2025-04-04T12:29:17-07:00,0,42
projects/index.html,8,html,2408ed30,Kate Feng,2025-04-17,19:25:22,-07:00,2025-04-17T19:25:22-07:00,0,49
projects/index.html,9,html,25c9ff48,Kate Feng,2025-04-25,12:25:35,-07:00,2025-04-25T12:25:35-07:00,0,48
projects/index.html,10,html,161892e6,Kate Feng,2025-04-04,12:29:17,-07:00,2025-04-04T12:29:17-07:00,0,6
projects/index.html,11,html,0771cc28,Kate Feng,2025-04-07,15:39:55,-07:00,2025-04-07T15:39:55-07:00,0,0
projects/index.html,12,html,161892e6,Kate Feng,2025-04-04,12:29:17,-07:00,2025-04-04T12:29:17-07:00,0,5
projects/index.html,13,html,25c9ff48,Kate Feng,2025-04-25,12:25:35,-07:00,2025-04-25T12:25:35-07:00,0,39
projects/index.html,14,html,3d52ce47,Kate Feng,2025-05-02,11:42:25,-07:00,2025-05-02T11:42:25-07:00,0,0
projects/index.html,15,html,3d52ce47,Kate Feng,2025-05-02,11:42:25,-07:00,2025-05-02T11:42:25-07:00,0,22
projects/index.html,16,html,80082082,Kate Feng,2025-05-02,15:46:34,-07:00,2025-05-02T15:46:34-07:00,0,20
projects/index.html,17,html,80082082,Kate Feng,2025-05-02,15:46:34,-07:00,2025-05-02T15:46:34-07:00,0,60
projects/index.html,18,html,80082082,Kate Feng,2025-05-02,15:46:34,-07:00,2025-05-02T15:46:34-07:00,0,34
projects/index.html,19,html,80082082,Kate Feng,2025-05-02,15:46:34,-07:00,2025-05-02T15:46:34-07:00,0,5
projects/index.html,20,html,3d52ce47,Kate Feng,2025-05-02,11:42:25,-07:00,2025-05-02T11:42:25-07:00,0,5
projects/index.html,21,html,3d52ce47,Kate Feng,2025-05-02,11:42:25,-07:00,2025-05-02T11:42:25-07:00,0,16
projects/index.html,22,html,3d52ce47,Kate Feng,2025-05-02,11:42:25,-07:00,2025-05-02T11:42:25-07:00,0,12
projects/index.html,23,html,3d52ce47,Kate Feng,2025-05-02,11:42:25,-07:00,2025-05-02T11:42:25-07:00,0,27
projects/index.html,24,html,3d52ce47,Kate Feng,2025-05-02,11:42:25,-07:00,2025-05-02T11:42:25-07:00,0,32
projects/index.html,25,html,3d52ce47,Kate Feng,2025-05-02,11:42:25,-07:00,2025-05-02T11:42:25-07:00,0,1
projects/index.html,26,html,3d52ce47,Kate Feng,2025-05-02,11:42:25,-07:00,2025-05-02T11:42:25-07:00,0,5
projects/index.html,27,html,0771cc28,Kate Feng,2025-04-07,15:39:55,-07:00,2025-04-07T15:39:55-07:00,0,21
projects/index.html,28,html,3d52ce47,Kate Feng,2025-05-02,11:42:25,-07:00,2025-05-02T11:42:25-07:00,0,50
projects/index.html,29,html,624bb2c4,Kate Feng,2025-04-04,16:11:51,-07:00,2025-04-04T16:11:51-07:00,0,5
projects/index.html,30,html,3d52ce47,Kate Feng,2025-05-02,11:42:25,-07:00,2025-05-02T11:42:25-07:00,0,6
projects/index.html,31,html,3d52ce47,Kate Feng,2025-05-02,11:42:25,-07:00,2025-05-02T11:42:25-07:00,0,6
cv/index.html,1,html,161892e6,Kate Feng,2025-04-04,12:29:17,-07:00,2025-04-04T12:29:17-07:00,0,14
cv/index.html,2,html,161892e6,Kate Feng,2025-04-04,12:29:17,-07:00,2025-04-04T12:29:17-07:00,0,15
cv/index.html,3,html,161892e6,Kate Feng,2025-04-04,12:29:17,-07:00,2025-04-04T12:29:17-07:00,0,5
cv/index.html,4,html,161892e6,Kate Feng,2025-04-04,12:29:17,-07:00,2025-04-04T12:29:17-07:00,0,21
cv/index.html,5,html,161892e6,Kate Feng,2025-04-04,12:29:17,-07:00,2025-04-04T12:29:17-07:00,0,69
cv/index.html,6,html,2e319f63,Kate Feng,2025-04-04,16:19:42,-07:00,2025-04-04T16:19:42-07:00,0,16
cv/index.html,7,html,161892e6,Kate Feng,2025-04-04,12:29:17,-07:00,2025-04-04T12:29:17-07:00,0,42
cv/index.html,8,html,2408ed30,Kate Feng,2025-04-17,19:25:22,-07:00,2025-04-17T19:25:22-07:00,0,49
cv/index.html,9,html,2408ed30,Kate Feng,2025-04-17,19:25:22,-07:00,2025-04-17T19:25:22-07:00,0,0
cv/index.html,10,html,161892e6,Kate Feng,2025-04-04,12:29:17,-07:00,2025-04-04T12:29:17-07:00,0,6
cv/index.html,11,html,161892e6,Kate Feng,2025-04-04,12:29:17,-07:00,2025-04-04T12:29:17-07:00,0,5
cv/index.html,12,html,0771cc28,Kate Feng,2025-04-07,15:39:55,-07:00,2025-04-07T15:39:55-07:00,0,15
cv/index.html,13,html,2e319f63,Kate Feng,2025-04-04,16:19:42,-07:00,2025-04-04T16:19:42-07:00,0,0
cv/index.html,14,html,0771cc28,Kate Feng,2025-04-07,15:39:55,-07:00,2025-04-07T15:39:55-07:00,0,7
cv/index.html,15,html,0771cc28,Kate Feng,2025-04-07,15:39:55,-07:00,2025-04-07T15:39:55-07:00,0,20
cv/index.html,16,html,0771cc28,Kate Feng,2025-04-07,15:39:55,-07:00,2025-04-07T15:39:55-07:00,0,33
cv/index.html,17,html,0771cc28,Kate Feng,2025-04-07,15:39:55,-07:00,2025-04-07T15:39:55-07:00,0,78
cv/index.html,18,html,0771cc28,Kate Feng,2025-04-07,15:39:55,-07:00,2025-04-07T15:39:55-07:00,0,107
cv/index.html,19,html,0771cc28,Kate Feng,2025-04-07,15:39:55,-07:00,2025-04-07T15:39:55-07:00,0,3
cv/index.html,20,html,0771cc28,Kate Feng,2025-04-07,15:39:55,-07:00,2025-04-07T15:39:55-07:00,0,8
cv/index.html,21,html,161892e6,Kate Feng,2025-04-04,12:29:17,-07:00,2025-04-04T12:29:17-07:00,0,0
cv/index.html,22,html,161892e6,Kate Feng,2025-04-04,12:29:17,-07:00,2025-04-04T12:29:17-07:00,0,8
cv/index.html,23,html,0771cc28,Kate Feng,2025-04-07,15:39:55,-07:00,2025-04-07T15:39:55-07:00,0,34
cv/index.html,24,html,161892e6,Kate Feng,2025-04-04,12:29:17,-07:00,2025-04-04T12:29:17-07:00,0,8
cv/index.html,25,html,161892e6,Kate Feng,2025-04-04,12:29:17,-07:00,2025-04-04T12:29:17-07:00,0,30
cv/index.html,26,html,161892e6,Kate Feng,2025-04-04,12:29:17,-07:00,2025-04-04T12:29:17-07:00,0,43
cv/index.html,27,html,161892e6,Kate Feng,2025-04-04,12:29:17,-07:00,2025-04-04T12:29:17-07:00,0,67
cv/index.html,28,html,161892e6,Kate Feng,2025-04-04,12:29:17,-07:00,2025-04-04T12:29:17-07:00,0,5
cv/index.html,29,html,161892e6,Kate Feng,2025-04-04,12:29:17,-07:00,2025-04-04T12:29:17-07:00,0,68
cv/index.html,30,html,161892e6,Kate Feng,2025-04-04,12:29:17,-07:00,2025-04-04T12:29:17-07:00,0,209
cv/index.html,31,html,161892e6,Kate Feng,2025-04-04,12:29:17,-07:00,2025-04-04T12:29:17-07:00,0,9
cv/index.html,32,html,0771cc28,Kate Feng,2025-04-07,15:39:55,-07:00,2025-04-07T15:39:55-07:00,0,9
cv/index.html,33,html,0771cc28,Kate Feng,2025-04-07,15:39:55,-07:00,2025-04-07T15:39:55-07:00,0,0
cv/index.html,34,html,0771cc28,Kate Feng,2025-04-07,15:39:55,-07:00,2025-04-07T15:39:55-07:00,0,8
cv/index.html,35,html,0771cc28,Kate Feng,2025-04-07,15:39:55,-07:00,2025-04-07T15:39:55-07:00,0,35
cv/index.html,36,html,0771cc28,Kate Feng,2025-04-07,15:39:55,-07:00,2025-04-07T15:39:55-07:00,0,0
cv/index.html,37,html,161892e6,Kate Feng,2025-04-04,12:29:17,-07:00,2025-04-04T12:29:17-07:00,0,8
cv/index.html,38,html,161892e6,Kate Feng,2025-04-04,12:29:17,-07:00,2025-04-04T12:29:17-07:00,0,30
cv/index.html,39,html,161892e6,Kate Feng,2025-04-04,12:29:17,-07:00,2025-04-04T12:29:17-07:00,0,27
cv/index.html,40,html,161892e6,Kate Feng,2025-04-04,12:29:17,-07:00,2025-04-04T12:29:17-07:00,0,18
cv/index.html,41,html,161892e6,Kate Feng,2025-04-04,12:29:17,-07:00,2025-04-04T12:29:17-07:00,0,123
cv/index.html,42,html,161892e6,Kate Feng,2025-04-04,12:29:17,-07:00,2025-04-04T12:29:17-07:00,0,5
cv/index.html,43,html,161892e6,Kate Feng,2025-04-04,12:29:17,-07:00,2025-04-04T12:29:17-07:00,0,5
cv/index.html,44,html,161892e6,Kate Feng,2025-04-04,12:29:17,-07:00,2025-04-04T12:29:17-07:00,0,30
cv/index.html,45,html,161892e6,Kate Feng,2025-04-04,12:29:17,-07:00,2025-04-04T12:29:17-07:00,0,35
cv/index.html,46,html,161892e6,Kate Feng,2025-04-04,12:29:17,-07:00,2025-04-04T12:29:17-07:00,0,37
cv/index.html,47,html,161892e6,Kate Feng,2025-04-04,12:29:17,-07:00,2025-04-04T12:29:17-07:00,0,5
cv/index.html,48,html,0771cc28,Kate Feng,2025-04-07,15:39:55,-07:00,2025-04-07T15:39:55-07:00,0,3
cv/index.html,49,html,0771cc28,Kate Feng,2025-04-07,15:39:55,-07:00,2025-04-07T15:39:55-07:00,0,142
cv/index.html,50,html,0771cc28,Kate Feng,2025-04-07,15:39:55,-07:00,2025-04-07T15:39:55-07:00,0,188
cv/index.html,51,html,0771cc28,Kate Feng,2025-04-07,15:39:55,-07:00,2025-04-07T15:39:55-07:00,0,104
cv/index.html,52,html,0771cc28,Kate Feng,2025-04-07,15:39:55,-07:00,2025-04-07T15:39:55-07:00,0,4
cv/index.html,53,html,161892e6,Kate Feng,2025-04-04,12:29:17,-07:00,2025-04-04T12:29:17-07:00,0,9
cv/index.html,54,html,0771cc28,Kate Feng,2025-04-07,15:39:55,-07:00,2025-04-07T15:39:55-07:00,0,0
cv/index.html,55,html,161892e6,Kate Feng,2025-04-04,12:29:17,-07:00,2025-04-04T12:29:17-07:00,0,8
cv/index.html,56,html,161892e6,Kate Feng,2025-04-04,12:29:17,-07:00,2025-04-04T12:29:17-07:00,0,30
cv/index.html,57,html,161892e6,Kate Feng,2025-04-04,12:29:17,-07:00,2025-04-04T12:29:17-07:00,0,26
cv/index.html,58,html,161892e6,Kate Feng,2025-04-04,12:29:17,-07:00,2025-04-04T12:29:17-07:00,0,18
cv/index.html,59,html,161892e6,Kate Feng,2025-04-04,12:29:17,-07:00,2025-04-04T12:29:17-07:00,0,119
cv/index.html,60,html,161892e6,Kate Feng,2025-04-04,12:29:17,-07:00,2025-04-04T12:29:17-07:00,0,5
cv/index.html,61,html,161892e6,Kate Feng,2025-04-04,12:29:17,-07:00,2025-04-04T12:29:17-07:00,0,5
cv/index.html,62,html,161892e6,Kate Feng,2025-04-04,12:29:17,-07:00,2025-04-04T12:29:17-07:00,0,30
cv/index.html,63,html,161892e6,Kate Feng,2025-04-04,12:29:17,-07:00,2025-04-04T12:29:17-07:00,0,69
cv/index.html,64,html,161892e6,Kate Feng,2025-04-04,12:29:17,-07:00,2025-04-04T12:29:17-07:00,0,37
cv/index.html,65,html,161892e6,Kate Feng,2025-04-04,12:29:17,-07:00,2025-04-04T12:29:17-07:00,0,5
cv/index.html,66,html,161892e6,Kate Feng,2025-04-04,12:29:17,-07:00,2025-04-04T12:29:17-07:00,0,3
cv/index.html,67,html,161892e6,Kate Feng,2025-04-04,12:29:17,-07:00,2025-04-04T12:29:17-07:00,0,103
cv/index.html,68,html,161892e6,Kate Feng,2025-04-04,12:29:17,-07:00,2025-04-04T12:29:17-07:00,0,103
cv/index.html,69,html,161892e6,Kate Feng,2025-04-04,12:29:17,-07:00,2025-04-04T12:29:17-07:00,0,107
cv/index.html,70,html,161892e6,Kate Feng,2025-04-04,12:29:17,-07:00,2025-04-04T12:29:17-07:00,0,4
cv/index.html,71,html,161892e6,Kate Feng,2025-04-04,12:29:17,-07:00,2025-04-04T12:29:17-07:00,0,9
cv/index.html,72,html,0771cc28,Kate Feng,2025-04-07,15:39:55,-07:00,2025-04-07T15:39:55-07:00,0,0
cv/index.html,73,html,161892e6,Kate Feng,2025-04-04,12:29:17,-07:00,2025-04-04T12:29:17-07:00,0,8
cv/index.html,74,html,161892e6,Kate Feng,2025-04-04,12:29:17,-07:00,2025-04-04T12:29:17-07:00,0,30
cv/index.html,75,html,161892e6,Kate Feng,2025-04-04,12:29:17,-07:00,2025-04-04T12:29:17-07:00,0,28
cv/index.html,76,html,161892e6,Kate Feng,2025-04-04,12:29:17,-07:00,2025-04-04T12:29:17-07:00,0,18
cv/index.html,77,html,161892e6,Kate Feng,2025-04-04,12:29:17,-07:00,2025-04-04T12:29:17-07:00,0,122
cv/index.html,78,html,161892e6,Kate Feng,2025-04-04,12:29:17,-07:00,2025-04-04T12:29:17-07:00,0,5
cv/index.html,79,html,161892e6,Kate Feng,2025-04-04,12:29:17,-07:00,2025-04-04T12:29:17-07:00,0,5
cv/index.html,80,html,161892e6,Kate Feng,2025-04-04,12:29:17,-07:00,2025-04-04T12:29:17-07:00,0,30
cv/index.html,81,html,161892e6,Kate Feng,2025-04-04,12:29:17,-07:00,2025-04-04T12:29:17-07:00,0,54
cv/index.html,82,html,161892e6,Kate Feng,2025-04-04,12:29:17,-07:00,2025-04-04T12:29:17-07:00,0,45
cv/index.html,83,html,161892e6,Kate Feng,2025-04-04,12:29:17,-07:00,2025-04-04T12:29:17-07:00,0,5
cv/index.html,84,html,161892e6,Kate Feng,2025-04-04,12:29:17,-07:00,2025-04-04T12:29:17-07:00,0,3
cv/index.html,85,html,161892e6,Kate Feng,2025-04-04,12:29:17,-07:00,2025-04-04T12:29:17-07:00,0,89
cv/index.html,86,html,161892e6,Kate Feng,2025-04-04,12:29:17,-07:00,2025-04-04T12:29:17-07:00,0,108
cv/index.html,87,html,161892e6,Kate Feng,2025-04-04,12:29:17,-07:00,2025-04-04T12:29:17-07:00,0,98
cv/index.html,88,html,161892e6,Kate Feng,2025-04-04,12:29:17,-07:00,2025-04-04T12:29:17-07:00,0,4
cv/index.html,89,html,161892e6,Kate Feng,2025-04-04,12:29:17,-07:00,2025-04-04T12:29:17-07:00,0,9
cv/index.html,90,html,0771cc28,Kate Feng,2025-04-07,15:39:55,-07:00,2025-04-07T15:39:55-07:00,0,0
cv/index.html,91,html,161892e6,Kate Feng,2025-04-04,12:29:17,-07:00,2025-04-04T12:29:17-07:00,0,8
cv/index.html,92,html,161892e6,Kate Feng,2025-04-04,12:29:17,-07:00,2025-04-04T12:29:17-07:00,0,30
cv/index.html,93,html,161892e6,Kate Feng,2025-04-04,12:29:17,-07:00,2025-04-04T12:29:17-07:00,0,26
cv/index.html,94,html,161892e6,Kate Feng,2025-04-04,12:29:17,-07:00,2025-04-04T12:29:17-07:00,0,18
cv/index.html,95,html,161892e6,Kate Feng,2025-04-04,12:29:17,-07:00,2025-04-04T12:29:17-07:00,0,122
cv/index.html,96,html,161892e6,Kate Feng,2025-04-04,12:29:17,-07:00,2025-04-04T12:29:17-07:00,0,5
cv/index.html,97,html,161892e6,Kate Feng,2025-04-04,12:29:17,-07:00,2025-04-04T12:29:17-07:00,0,5
cv/index.html,98,html,161892e6,Kate Feng,2025-04-04,12:29:17,-07:00,2025-04-04T12:29:17-07:00,0,30
cv/index.html,99,html,161892e6,Kate Feng,2025-04-04,12:29:17,-07:00,2025-04-04T12:29:17-07:00,0,39
cv/index.html,100,html,161892e6,Kate Feng,2025-04-04,12:29:17,-07:00,2025-04-04T12:29:17-07:00,0,36
cv/index.html,101,html,161892e6,Kate Feng,2025-04-04,12:29:17,-07:00,2025-04-04T12:29:17-07:00,0,5
cv/index.html,102,html,161892e6,Kate Feng,2025-04-04,12:29:17,-07:00,2025-04-04T12:29:17-07:00,0,3
cv/index.html,103,html,161892e6,Kate Feng,2025-04-04,12:29:17,-07:00,2025-04-04T12:29:17-07:00,0,112
cv/index.html,104,html,161892e6,Kate Feng,2025-04-04,12:29:17,-07:00,2025-04-04T12:29:17-07:00,0,104
cv/index.html,105,html,161892e6,Kate Feng,2025-04-04,12:29:17,-07:00,2025-04-04T12:29:17-07:00,0,4
cv/index.html,106,html,161892e6,Kate Feng,2025-04-04,12:29:17,-07:00,2025-04-04T12:29:17-07:00,0,9
cv/index.html,107,html,0771cc28,Kate Feng,2025-04-07,15:39:55,-07:00,2025-04-07T15:39:55-07:00,0,9
cv/index.html,108,html,0771cc28,Kate Feng,2025-04-07,15:39:55,-07:00,2025-04-07T15:39:55-07:00,0,0
cv/index.html,109,html,0771cc28,Kate Feng,2025-04-07,15:39:55,-07:00,2025-04-07T15:39:55-07:00,0,8
cv/index.html,110,html,0771cc28,Kate Feng,2025-04-07,15:39:55,-07:00,2025-04-07T15:39:55-07:00,0,35
cv/index.html,111,html,0771cc28,Kate Feng,2025-04-07,15:39:55,-07:00,2025-04-07T15:39:55-07:00,0,0
cv/index.html,112,html,161892e6,Kate Feng,2025-04-04,12:29:17,-07:00,2025-04-04T12:29:17-07:00,0,8
cv/index.html,113,html,161892e6,Kate Feng,2025-04-04,12:29:17,-07:00,2025-04-04T12:29:17-07:00,0,30
cv/index.html,114,html,161892e6,Kate Feng,2025-04-04,12:29:17,-07:00,2025-04-04T12:29:17-07:00,0,26
cv/index.html,115,html,161892e6,Kate Feng,2025-04-04,12:29:17,-07:00,2025-04-04T12:29:17-07:00,0,18
cv/index.html,116,html,161892e6,Kate Feng,2025-04-04,12:29:17,-07:00,2025-04-04T12:29:17-07:00,0,129
cv/index.html,117,html,161892e6,Kate Feng,2025-04-04,12:29:17,-07:00,2025-04-04T12:29:17-07:00,0,5
cv/index.html,118,html,161892e6,Kate Feng,2025-04-04,12:29:17,-07:00,2025-04-04T12:29:17-07:00,0,5
cv/index.html,119,html,161892e6,Kate Feng,2025-04-04,12:29:17,-07:00,2025-04-04T12:29:17-07:00,0,30
cv/index.html,120,html,161892e6,Kate Feng,2025-04-04,12:29:17,-07:00,2025-04-04T12:29:17-07:00,0,51
cv/index.html,121,html,161892e6,Kate Feng,2025-04-04,12:29:17,-07:00,2025-04-04T12:29:17-07:00,0,37
cv/index.html,122,html,161892e6,Kate Feng,2025-04-04,12:29:17,-07:00,2025-04-04T12:29:17-07:00,0,5
cv/index.html,123,html,161892e6,Kate Feng,2025-04-04,12:29:17,-07:00,2025-04-04T12:29:17-07:00,0,3
cv/index.html,124,html,161892e6,Kate Feng,2025-04-04,12:29:17,-07:00,2025-04-04T12:29:17-07:00,0,92
cv/index.html,125,html,161892e6,Kate Feng,2025-04-04,12:29:17,-07:00,2025-04-04T12:29:17-07:00,0,105
cv/index.html,126,html,161892e6,Kate Feng,2025-04-04,12:29:17,-07:00,2025-04-04T12:29:17-07:00,0,103
cv/index.html,127,html,161892e6,Kate Feng,2025-04-04,12:29:17,-07:00,2025-04-04T12:29:17-07:00,0,109
cv/index.html,128,html,161892e6,Kate Feng,2025-04-04,12:29:17,-07:00,2025-04-04T12:29:17-07:00,0,4
cv/index.html,129,html,161892e6,Kate Feng,2025-04-04,12:29:17,-07:00,2025-04-04T12:29:17-07:00,0,9
cv/index.html,130,html,0771cc28,Kate Feng,2025-04-07,15:39:55,-07:00,2025-04-07T15:39:55-07:00,0,9
cv/index.html,131,html,0771cc28,Kate Feng,2025-04-07,15:39:55,-07:00,2025-04-07T15:39:55-07:00,0,0
cv/index.html,132,html,0771cc28,Kate Feng,2025-04-07,15:39:55,-07:00,2025-04-07T15:39:55-07:00,0,8
cv/index.html,133,html,0771cc28,Kate Feng,2025-04-07,15:39:55,-07:00,2025-04-07T15:39:55-07:00,0,37
cv/index.html,134,html,0771cc28,Kate Feng,2025-04-07,15:39:55,-07:00,2025-04-07T15:39:55-07:00,0,0
cv/index.html,135,html,161892e6,Kate Feng,2025-04-04,12:29:17,-07:00,2025-04-04T12:29:17-07:00,0,8
cv/index.html,136,html,161892e6,Kate Feng,2025-04-04,12:29:17,-07:00,2025-04-04T12:29:17-07:00,0,30
cv/index.html,137,html,161892e6,Kate Feng,2025-04-04,12:29:17,-07:00,2025-04-04T12:29:17-07:00,0,46
cv/index.html,138,html,161892e6,Kate Feng,2025-04-04,12:29:17,-07:00,2025-04-04T12:29:17-07:00,0,18
cv/index.html,139,html,161892e6,Kate Feng,2025-04-04,12:29:17,-07:00,2025-04-04T12:29:17-07:00,0,122
cv/index.html,140,html,161892e6,Kate Feng,2025-04-04,12:29:17,-07:00,2025-04-04T12:29:17-07:00,0,5
cv/index.html,141,html,161892e6,Kate Feng,2025-04-04,12:29:17,-07:00,2025-04-04T12:29:17-07:00,0,5
cv/index.html,142,html,161892e6,Kate Feng,2025-04-04,12:29:17,-07:00,2025-04-04T12:29:17-07:00,0,30
cv/index.html,143,html,161892e6,Kate Feng,2025-04-04,12:29:17,-07:00,2025-04-04T12:29:17-07:00,0,74
cv/index.html,144,html,161892e6,Kate Feng,2025-04-04,12:29:17,-07:00,2025-04-04T12:29:17-07:00,0,38
cv/index.html,145,html,161892e6,Kate Feng,2025-04-04,12:29:17,-07:00,2025-04-04T12:29:17-07:00,0,5
cv/index.html,146,html,161892e6,Kate Feng,2025-04-04,12:29:17,-07:00,2025-04-04T12:29:17-07:00,0,3
cv/index.html,147,html,161892e6,Kate Feng,2025-04-04,12:29:17,-07:00,2025-04-04T12:29:17-07:00,0,124
cv/index.html,148,html,161892e6,Kate Feng,2025-04-04,12:29:17,-07:00,2025-04-04T12:29:17-07:00,0,4
cv/index.html,149,html,161892e6,Kate Feng,2025-04-04,12:29:17,-07:00,2025-04-04T12:29:17-07:00,0,9
cv/index.html,150,html,0771cc28,Kate Feng,2025-04-07,15:39:55,-07:00,2025-04-07T15:39:55-07:00,0,0
cv/index.html,151,html,161892e6,Kate Feng,2025-04-04,12:29:17,-07:00,2025-04-04T12:29:17-07:00,0,8
cv/index.html,152,html,161892e6,Kate Feng,2025-04-04,12:29:17,-07:00,2025-04-04T12:29:17-07:00,0,30
cv/index.html,153,html,161892e6,Kate Feng,2025-04-04,12:29:17,-07:00,2025-04-04T12:29:17-07:00,0,25
cv/index.html,154,html,161892e6,Kate Feng,2025-04-04,12:29:17,-07:00,2025-04-04T12:29:17-07:00,0,18
cv/index.html,155,html,161892e6,Kate Feng,2025-04-04,12:29:17,-07:00,2025-04-04T12:29:17-07:00,0,124
cv/index.html,156,html,161892e6,Kate Feng,2025-04-04,12:29:17,-07:00,2025-04-04T12:29:17-07:00,0,5
cv/index.html,157,html,161892e6,Kate Feng,2025-04-04,12:29:17,-07:00,2025-04-04T12:29:17-07:00,0,5
cv/index.html,158,html,161892e6,Kate Feng,2025-04-04,12:29:17,-07:00,2025-04-04T12:29:17-07:00,0,30
cv/index.html,159,html,161892e6,Kate Feng,2025-04-04,12:29:17,-07:00,2025-04-04T12:29:17-07:00,0,52
cv/index.html,160,html,161892e6,Kate Feng,2025-04-04,12:29:17,-07:00,2025-04-04T12:29:17-07:00,0,45
cv/index.html,161,html,161892e6,Kate Feng,2025-04-04,12:29:17,-07:00,2025-04-04T12:29:17-07:00,0,5
cv/index.html,162,html,161892e6,Kate Feng,2025-04-04,12:29:17,-07:00,2025-04-04T12:29:17-07:00,0,3
cv/index.html,163,html,161892e6,Kate Feng,2025-04-04,12:29:17,-07:00,2025-04-04T12:29:17-07:00,0,79
cv/index.html,164,html,161892e6,Kate Feng,2025-04-04,12:29:17,-07:00,2025-04-04T12:29:17-07:00,0,4
cv/index.html,165,html,161892e6,Kate Feng,2025-04-04,12:29:17,-07:00,2025-04-04T12:29:17-07:00,0,9
cv/index.html,166,html,0771cc28,Kate Feng,2025-04-07,15:39:55,-07:00,2025-04-07T15:39:55-07:00,0,9
cv/index.html,167,html,0771cc28,Kate Feng,2025-04-07,15:39:55,-07:00,2025-04-07T15:39:55-07:00,0,0
cv/index.html,168,html,0771cc28,Kate Feng,2025-04-07,15:39:55,-07:00,2025-04-07T15:39:55-07:00,0,8
cv/index.html,169,html,0771cc28,Kate Feng,2025-04-07,15:39:55,-07:00,2025-04-07T15:39:55-07:00,0,31
cv/index.html,170,html,161892e6,Kate Feng,2025-04-04,12:29:17,-07:00,2025-04-04T12:29:17-07:00,0,133
cv/index.html,171,html,161892e6,Kate Feng,2025-04-04,12:29:17,-07:00,2025-04-04T12:29:17-07:00,0,103
cv/index.html,172,html,0771cc28,Kate Feng,2025-04-07,15:39:55,-07:00,2025-04-07T15:39:55-07:00,0,9
cv/index.html,173,html,0771cc28,Kate Feng,2025-04-07,15:39:55,-07:00,2025-04-07T15:39:55-07:00,0,9
cv/index.html,174,html,0771cc28,Kate Feng,2025-04-07,15:39:55,-07:00,2025-04-07T15:39:55-07:00,0,6
cv/index.html,175,html,0771cc28,Kate Feng,2025-04-07,15:39:55,-07:00,2025-04-07T15:39:55-07:00,0,6
contact/index.html,1,html,161892e6,Kate Feng,2025-04-04,12:29:17,-07:00,2025-04-04T12:29:17-07:00,0,14
contact/index.html,2,html,161892e6,Kate Feng,2025-04-04,12:29:17,-07:00,2025-04-04T12:29:17-07:00,0,15
contact/index.html,3,html,161892e6,Kate Feng,2025-04-04,12:29:17,-07:00,2025-04-04T12:29:17-07:00,0,5
contact/index.html,4,html,161892e6,Kate Feng,2025-04-04,12:29:17,-07:00,2025-04-04T12:29:17-07:00,0,21
contact/index.html,5,html,161892e6,Kate Feng,2025-04-04,12:29:17,-07:00,2025-04-04T12:29:17-07:00,0,69
contact/index.html,6,html,ea6d85ac,Kate Feng,2025-04-04,16:28:22,-07:00,2025-04-04T16:28:22-07:00,0,32
contact/index.html,7,html,161892e6,Kate Feng,2025-04-04,12:29:17,-07:00,2025-04-04T12:29:17-07:00,0,42
contact/index.html,8,html,2408ed30,Kate Feng,2025-04-17,19:25:22,-07:00,2025-04-17T19:25:22-07:00,0,49
contact/index.html,9,html,161892e6,Kate Feng,2025-04-04,12:29:17,-07:00,2025-04-04T12:29:17-07:00,0,6
contact/index.html,10,html,161892e6,Kate Feng,2025-04-04,12:29:17,-07:00,2025-04-04T12:29:17-07:00,0,5
contact/index.html,11,html,161892e6,Kate Feng,2025-04-04,12:29:17,-07:00,2025-04-04T12:29:17-07:00,0,15
contact/index.html,12,html,2408ed30,Kate Feng,2025-04-17,19:25:22,-07:00,2025-04-17T19:25:22-07:00,0,54
contact/index.html,13,html,0771cc28,Kate Feng,2025-04-07,15:39:55,-07:00,2025-04-07T15:39:55-07:00,0,45
contact/index.html,14,html,0771cc28,Kate Feng,2025-04-07,15:39:55,-07:00,2025-04-07T15:39:55-07:00,0,55
contact/index.html,15,html,0771cc28,Kate Feng,2025-04-07,15:39:55,-07:00,2025-04-07T15:39:55-07:00,0,27
contact/index.html,16,html,161892e6,Kate Feng,2025-04-04,12:29:17,-07:00,2025-04-04T12:29:17-07:00,0,6
contact/index.html,17,html,161892e6,Kate Feng,2025-04-04,12:29:17,-07:00,2025-04-04T12:29:17-07:00,0,0
contact/index.html,18,html,161892e6,Kate Feng,2025-04-04,12:29:17,-07:00,2025-04-04T12:29:17-07:00,0,6
contact/index.html,19,html,161892e6,Kate Feng,2025-04-04,12:29:17,-07:00,2025-04-04T12:29:17-07:00,0,6
